year,sex,marital_status,age,labour_force
1991,male,single,15-19,36700
1991,male,single,20-24,94000
1991,male,single,25-29,88400
1991,male,single,30-34,46000
1991,male,single,35-39,20300
1991,male,single,40-44,9200
1991,male,single,45-49,3900
1991,male,single,50-54,3700
1991,male,single,55-59,2200
1991,male,single,60-64,1000
1991,male,single,65-69,500
1991,male,single,70_and_over,200
1991,male,married,15-19,200
1991,male,married,20-24,5300
1991,male,married,25-29,45600
1991,male,married,30-34,96100
1991,male,married,35-39,108400
1991,male,married,40-44,98600
1991,male,married,45-49,58200
1991,male,married,50-54,57500
1991,male,married,55-59,34000
1991,male,married,60-64,18600
1991,male,married,65-69,7200
1991,male,married,70_and_over,4700
1991,male,widowed_divorced,15-19,-
1991,male,widowed_divorced,20-24,100
1991,male,widowed_divorced,25-29,500
1991,male,widowed_divorced,30-34,1200
1991,male,widowed_divorced,35-39,2200
1991,male,widowed_divorced,40-44,2500
1991,male,widowed_divorced,45-49,1900
1991,male,widowed_divorced,50-54,2000
1991,male,widowed_divorced,55-59,2000
1991,male,widowed_divorced,60-64,1800
1991,male,widowed_divorced,65-69,800
1991,male,widowed_divorced,70_and_over,800
1991,female,single,15-19,29400
1991,female,single,20-24,78100
1991,female,single,25-29,51800
1991,female,single,30-34,27300
1991,female,single,35-39,16200
1991,female,single,40-44,10900
1991,female,single,45-49,4100
1991,female,single,50-54,2300
1991,female,single,55-59,1200
1991,female,single,60-64,500
1991,female,single,65-69,200
1991,female,single,70_and_over,200
1991,female,married,15-19,700
1991,female,married,20-24,13800
1991,female,married,25-29,46900
1991,female,married,30-34,55500
1991,female,married,35-39,50700
1991,female,married,40-44,44200
1991,female,married,45-49,24500
1991,female,married,50-54,16300
1991,female,married,55-59,6600
1991,female,married,60-64,2300
1991,female,married,65-69,700
1991,female,married,70_and_over,400
1991,female,widowed_divorced,15-19,-
1991,female,widowed_divorced,20-24,300
1991,female,widowed_divorced,25-29,1200
1991,female,widowed_divorced,30-34,3300
1991,female,widowed_divorced,35-39,3800
1991,female,widowed_divorced,40-44,6600
1991,female,widowed_divorced,45-49,4300
1991,female,widowed_divorced,50-54,4400
1991,female,widowed_divorced,55-59,3300
1991,female,widowed_divorced,60-64,2700
1991,female,widowed_divorced,65-69,1000
1991,female,widowed_divorced,70_and_over,1000
1992,male,single,15-19,33900
1992,male,single,20-24,93000
1992,male,single,25-29,87800
1992,male,single,30-34,50000
1992,male,single,35-39,22200
1992,male,single,40-44,10600
1992,male,single,45-49,5100
1992,male,single,50-54,3600
1992,male,single,55-59,2000
1992,male,single,60-64,1500
1992,male,single,65-69,900
1992,male,single,70_and_over,400
1992,male,married,15-19,200
1992,male,married,20-24,5300
1992,male,married,25-29,44400
1992,male,married,30-34,95600
1992,male,married,35-39,105700
1992,male,married,40-44,100200
1992,male,married,45-49,66900
1992,male,married,50-54,58000
1992,male,married,55-59,34700
1992,male,married,60-64,19400
1992,male,married,65-69,8800
1992,male,married,70_and_over,5000
1992,male,widowed_divorced,15-19,-
1992,male,widowed_divorced,20-24,100
1992,male,widowed_divorced,25-29,500
1992,male,widowed_divorced,30-34,1300
1992,male,widowed_divorced,35-39,2300
1992,male,widowed_divorced,40-44,2700
1992,male,widowed_divorced,45-49,1700
1992,male,widowed_divorced,50-54,2000
1992,male,widowed_divorced,55-59,2000
1992,male,widowed_divorced,60-64,1600
1992,male,widowed_divorced,65-69,1000
1992,male,widowed_divorced,70_and_over,1200
1992,female,single,15-19,27400
1992,female,single,20-24,78200
1992,female,single,25-29,54200
1992,female,single,30-34,27800
1992,female,single,35-39,16600
1992,female,single,40-44,11600
1992,female,single,45-49,4700
1992,female,single,50-54,2400
1992,female,single,55-59,1400
1992,female,single,60-64,300
1992,female,single,65-69,200
1992,female,single,70_and_over,200
1992,female,married,15-19,400
1992,female,married,20-24,12900
1992,female,married,25-29,48600
1992,female,married,30-34,59100
1992,female,married,35-39,54200
1992,female,married,40-44,45300
1992,female,married,45-49,27800
1992,female,married,50-54,19400
1992,female,married,55-59,7200
1992,female,married,60-64,3200
1992,female,married,65-69,800
1992,female,married,70_and_over,400
1992,female,widowed_divorced,15-19,100
1992,female,widowed_divorced,20-24,300
1992,female,widowed_divorced,25-29,1300
1992,female,widowed_divorced,30-34,3200
1992,female,widowed_divorced,35-39,4300
1992,female,widowed_divorced,40-44,6400
1992,female,widowed_divorced,45-49,4800
1992,female,widowed_divorced,50-54,5100
1992,female,widowed_divorced,55-59,3500
1992,female,widowed_divorced,60-64,2400
1992,female,widowed_divorced,65-69,1300
1992,female,widowed_divorced,70_and_over,1200
1993,male,single,15-19,27700
1993,male,single,20-24,95900
1993,male,single,25-29,84900
1993,male,single,30-34,48400
1993,male,single,35-39,23300
1993,male,single,40-44,11900
1993,male,single,45-49,5000
1993,male,single,50-54,3200
1993,male,single,55-59,1600
1993,male,single,60-64,1500
1993,male,single,65-69,600
1993,male,single,70_and_over,600
1993,male,married,15-19,100
1993,male,married,20-24,5200
1993,male,married,25-29,40400
1993,male,married,30-34,87800
1993,male,married,35-39,111000
1993,male,married,40-44,109300
1993,male,married,45-49,78800
1993,male,married,50-54,58100
1993,male,married,55-59,36200
1993,male,married,60-64,20700
1993,male,married,65-69,9400
1993,male,married,70_and_over,5600
1993,male,widowed_divorced,15-19,-
1993,male,widowed_divorced,20-24,-
1993,male,widowed_divorced,25-29,800
1993,male,widowed_divorced,30-34,1100
1993,male,widowed_divorced,35-39,2500
1993,male,widowed_divorced,40-44,2300
1993,male,widowed_divorced,45-49,2000
1993,male,widowed_divorced,50-54,2400
1993,male,widowed_divorced,55-59,1700
1993,male,widowed_divorced,60-64,1600
1993,male,widowed_divorced,65-69,600
1993,male,widowed_divorced,70_and_over,1000
1993,female,single,15-19,25100
1993,female,single,20-24,78100
1993,female,single,25-29,49900
1993,female,single,30-34,28000
1993,female,single,35-39,18000
1993,female,single,40-44,11400
1993,female,single,45-49,5500
1993,female,single,50-54,2600
1993,female,single,55-59,1200
1993,female,single,60-64,300
1993,female,single,65-69,200
1993,female,single,70_and_over,200
1993,female,married,15-19,500
1993,female,married,20-24,11400
1993,female,married,25-29,44700
1993,female,married,30-34,58500
1993,female,married,35-39,56000
1993,female,married,40-44,49400
1993,female,married,45-49,32300
1993,female,married,50-54,18300
1993,female,married,55-59,9000
1993,female,married,60-64,3100
1993,female,married,65-69,1100
1993,female,married,70_and_over,300
1993,female,widowed_divorced,15-19,100
1993,female,widowed_divorced,20-24,300
1993,female,widowed_divorced,25-29,1100
1993,female,widowed_divorced,30-34,3200
1993,female,widowed_divorced,35-39,4700
1993,female,widowed_divorced,40-44,5800
1993,female,widowed_divorced,45-49,5200
1993,female,widowed_divorced,50-54,5500
1993,female,widowed_divorced,55-59,3700
1993,female,widowed_divorced,60-64,1600
1993,female,widowed_divorced,65-69,1000
1993,female,widowed_divorced,70_and_over,1000
1994,male,single,15-19,25200
1994,male,single,20-24,91500
1994,male,single,25-29,81500
1994,male,single,30-34,45100
1994,male,single,35-39,26600
1994,male,single,40-44,12900
1994,male,single,45-49,6300
1994,male,single,50-54,3200
1994,male,single,55-59,2400
1994,male,single,60-64,1400
1994,male,single,65-69,700
1994,male,single,70_and_over,600
1994,male,married,15-19,100
1994,male,married,20-24,4900
1994,male,married,25-29,42000
1994,male,married,30-34,94800
1994,male,married,35-39,116000
1994,male,married,40-44,108000
1994,male,married,45-49,85100
1994,male,married,50-54,58400
1994,male,married,55-59,38500
1994,male,married,60-64,20400
1994,male,married,65-69,9300
1994,male,married,70_and_over,6000
1994,male,widowed_divorced,15-19,-
1994,male,widowed_divorced,20-24,100
1994,male,widowed_divorced,25-29,700
1994,male,widowed_divorced,30-34,1400
1994,male,widowed_divorced,35-39,2000
1994,male,widowed_divorced,40-44,2500
1994,male,widowed_divorced,45-49,2100
1994,male,widowed_divorced,50-54,2200
1994,male,widowed_divorced,55-59,2100
1994,male,widowed_divorced,60-64,1600
1994,male,widowed_divorced,65-69,1600
1994,male,widowed_divorced,70_and_over,1400
1994,female,single,15-19,20400
1994,female,single,20-24,78400
1994,female,single,25-29,49700
1994,female,single,30-34,27200
1994,female,single,35-39,18200
1994,female,single,40-44,12900
1994,female,single,45-49,6500
1994,female,single,50-54,2900
1994,female,single,55-59,1300
1994,female,single,60-64,300
1994,female,single,65-69,300
1994,female,single,70_and_over,200
1994,female,married,15-19,400
1994,female,married,20-24,13300
1994,female,married,25-29,49400
1994,female,married,30-34,62400
1994,female,married,35-39,59800
1994,female,married,40-44,48000
1994,female,married,45-49,34900
1994,female,married,50-54,19800
1994,female,married,55-59,10100
1994,female,married,60-64,3300
1994,female,married,65-69,1200
1994,female,married,70_and_over,600
1994,female,widowed_divorced,15-19,-
1994,female,widowed_divorced,20-24,400
1994,female,widowed_divorced,25-29,1400
1994,female,widowed_divorced,30-34,2800
1994,female,widowed_divorced,35-39,5000
1994,female,widowed_divorced,40-44,6000
1994,female,widowed_divorced,45-49,5800
1994,female,widowed_divorced,50-54,5000
1994,female,widowed_divorced,55-59,4600
1994,female,widowed_divorced,60-64,2700
1994,female,widowed_divorced,65-69,1500
1994,female,widowed_divorced,70_and_over,1000
1996,male,single,15-19,24000
1996,male,single,20-24,77500
1996,male,single,25-29,72100
1996,male,single,30-34,42200
1996,male,single,35-39,27200
1996,male,single,40-44,16300
1996,male,single,45-49,8100
1996,male,single,50-54,4000
1996,male,single,55-59,3100
1996,male,single,60-64,1300
1996,male,single,65-69,1000
1996,male,single,70_and_over,600
1996,male,married,15-19,100
1996,male,married,20-24,4700
1996,male,married,25-29,38200
1996,male,married,30-34,98900
1996,male,married,35-39,121200
1996,male,married,40-44,119000
1996,male,married,45-49,103200
1996,male,married,50-54,54000
1996,male,married,55-59,43800
1996,male,married,60-64,19900
1996,male,married,65-69,10600
1996,male,married,70_and_over,5800
1996,male,widowed_divorced,15-19,-
1996,male,widowed_divorced,20-24,100
1996,male,widowed_divorced,25-29,500
1996,male,widowed_divorced,30-34,1500
1996,male,widowed_divorced,35-39,2900
1996,male,widowed_divorced,40-44,2600
1996,male,widowed_divorced,45-49,3700
1996,male,widowed_divorced,50-54,2500
1996,male,widowed_divorced,55-59,2300
1996,male,widowed_divorced,60-64,1800
1996,male,widowed_divorced,65-69,1200
1996,male,widowed_divorced,70_and_over,900
1996,female,single,15-19,15900
1996,female,single,20-24,69300
1996,female,single,25-29,49300
1996,female,single,30-34,29800
1996,female,single,35-39,19800
1996,female,single,40-44,14300
1996,female,single,45-49,9300
1996,female,single,50-54,4500
1996,female,single,55-59,2600
1996,female,single,60-64,600
1996,female,single,65-69,400
1996,female,single,70_and_over,200
1996,female,married,15-19,500
1996,female,married,20-24,12600
1996,female,married,25-29,52100
1996,female,married,30-34,69400
1996,female,married,35-39,66100
1996,female,married,40-44,57400
1996,female,married,45-49,45400
1996,female,married,50-54,19500
1996,female,married,55-59,11100
1996,female,married,60-64,3800
1996,female,married,65-69,1600
1996,female,married,70_and_over,500
1996,female,widowed_divorced,15-19,-
1996,female,widowed_divorced,20-24,400
1996,female,widowed_divorced,25-29,800
1996,female,widowed_divorced,30-34,3300
1996,female,widowed_divorced,35-39,4900
1996,female,widowed_divorced,40-44,6400
1996,female,widowed_divorced,45-49,7700
1996,female,widowed_divorced,50-54,4700
1996,female,widowed_divorced,55-59,4700
1996,female,widowed_divorced,60-64,2800
1996,female,widowed_divorced,65-69,1600
1996,female,widowed_divorced,70_and_over,1500
1997,male,single,15-19,18300
1997,male,single,20-24,78200
1997,male,single,25-29,77000
1997,male,single,30-34,43400
1997,male,single,35-39,27000
1997,male,single,40-44,18800
1997,male,single,45-49,9700
1997,male,single,50-54,4200
1997,male,single,55-59,2900
1997,male,single,60-64,1500
1997,male,single,65-69,800
1997,male,single,70_and_over,400
1997,male,married,15-19,200
1997,male,married,20-24,4300
1997,male,married,25-29,38600
1997,male,married,30-34,96600
1997,male,married,35-39,120400
1997,male,married,40-44,120100
1997,male,married,45-49,107300
1997,male,married,50-54,66100
1997,male,married,55-59,44300
1997,male,married,60-64,21900
1997,male,married,65-69,11200
1997,male,married,70_and_over,5000
1997,male,widowed_divorced,15-19,-
1997,male,widowed_divorced,20-24,100
1997,male,widowed_divorced,25-29,600
1997,male,widowed_divorced,30-34,1800
1997,male,widowed_divorced,35-39,2500
1997,male,widowed_divorced,40-44,2100
1997,male,widowed_divorced,45-49,2800
1997,male,widowed_divorced,50-54,2500
1997,male,widowed_divorced,55-59,2000
1997,male,widowed_divorced,60-64,900
1997,male,widowed_divorced,65-69,1100
1997,male,widowed_divorced,70_and_over,700
1997,female,single,15-19,13900
1997,female,single,20-24,68300
1997,female,single,25-29,51500
1997,female,single,30-34,26900
1997,female,single,35-39,19900
1997,female,single,40-44,15600
1997,female,single,45-49,11800
1997,female,single,50-54,4900
1997,female,single,55-59,2000
1997,female,single,60-64,600
1997,female,single,65-69,400
1997,female,single,70_and_over,200
1997,female,married,15-19,400
1997,female,married,20-24,10800
1997,female,married,25-29,53600
1997,female,married,30-34,69600
1997,female,married,35-39,63500
1997,female,married,40-44,60200
1997,female,married,45-49,47800
1997,female,married,50-54,24500
1997,female,married,55-59,12600
1997,female,married,60-64,4700
1997,female,married,65-69,1300
1997,female,married,70_and_over,700
1997,female,widowed_divorced,15-19,-
1997,female,widowed_divorced,20-24,200
1997,female,widowed_divorced,25-29,900
1997,female,widowed_divorced,30-34,3200
1997,female,widowed_divorced,35-39,5000
1997,female,widowed_divorced,40-44,6100
1997,female,widowed_divorced,45-49,7000
1997,female,widowed_divorced,50-54,4800
1997,female,widowed_divorced,55-59,3900
1997,female,widowed_divorced,60-64,2400
1997,female,widowed_divorced,65-69,2000
1997,female,widowed_divorced,70_and_over,1400
1998,male,single,15-19,17400
1998,male,single,20-24,70200
1998,male,single,25-29,75800
1998,male,single,30-34,40700
1998,male,single,35-39,29700
1998,male,single,40-44,17700
1998,male,single,45-49,10200
1998,male,single,50-54,4700
1998,male,single,55-59,2900
1998,male,single,60-64,1300
1998,male,single,65-69,600
1998,male,single,70_and_over,500
1998,male,married,15-19,200
1998,male,married,20-24,3300
1998,male,married,25-29,34500
1998,male,married,30-34,95100
1998,male,married,35-39,120500
1998,male,married,40-44,125800
1998,male,married,45-49,109900
1998,male,married,50-54,71100
1998,male,married,55-59,45100
1998,male,married,60-64,21800
1998,male,married,65-69,9900
1998,male,married,70_and_over,5300
1998,male,widowed_divorced,15-19,-
1998,male,widowed_divorced,20-24,100
1998,male,widowed_divorced,25-29,600
1998,male,widowed_divorced,30-34,1400
1998,male,widowed_divorced,35-39,2100
1998,male,widowed_divorced,40-44,2800
1998,male,widowed_divorced,45-49,2800
1998,male,widowed_divorced,50-54,2100
1998,male,widowed_divorced,55-59,2300
1998,male,widowed_divorced,60-64,1000
1998,male,widowed_divorced,65-69,1100
1998,male,widowed_divorced,70_and_over,1200
1998,female,single,15-19,11100
1998,female,single,20-24,59700
1998,female,single,25-29,50600
1998,female,single,30-34,28300
1998,female,single,35-39,21200
1998,female,single,40-44,18900
1998,female,single,45-49,13300
1998,female,single,50-54,6200
1998,female,single,55-59,2500
1998,female,single,60-64,800
1998,female,single,65-69,600
1998,female,single,70_and_over,100
1998,female,married,15-19,400
1998,female,married,20-24,8500
1998,female,married,25-29,52800
1998,female,married,30-34,72400
1998,female,married,35-39,68800
1998,female,married,40-44,64700
1998,female,married,45-49,49400
1998,female,married,50-54,28500
1998,female,married,55-59,13500
1998,female,married,60-64,4200
1998,female,married,65-69,1300
1998,female,married,70_and_over,600
1998,female,widowed_divorced,15-19,-
1998,female,widowed_divorced,20-24,200
1998,female,widowed_divorced,25-29,1000
1998,female,widowed_divorced,30-34,2400
1998,female,widowed_divorced,35-39,4600
1998,female,widowed_divorced,40-44,6100
1998,female,widowed_divorced,45-49,7400
1998,female,widowed_divorced,50-54,5500
1998,female,widowed_divorced,55-59,4200
1998,female,widowed_divorced,60-64,2300
1998,female,widowed_divorced,65-69,1700
1998,female,widowed_divorced,70_and_over,1200
1999,male,single,15-19,19200
1999,male,single,20-24,69000
1999,male,single,25-29,74900
1999,male,single,30-34,42400
1999,male,single,35-39,29900
1999,male,single,40-44,19400
1999,male,single,45-49,11200
1999,male,single,50-54,4900
1999,male,single,55-59,2700
1999,male,single,60-64,1400
1999,male,single,65-69,900
1999,male,single,70_and_over,400
1999,male,married,15-19,100
1999,male,married,20-24,2900
1999,male,married,25-29,39100
1999,male,married,30-34,97600
1999,male,married,35-39,122400
1999,male,married,40-44,123900
1999,male,married,45-49,107200
1999,male,married,50-54,78300
1999,male,married,55-59,45200
1999,male,married,60-64,25100
1999,male,married,65-69,11600
1999,male,married,70_and_over,7200
1999,male,widowed_divorced,15-19,-
1999,male,widowed_divorced,20-24,-
1999,male,widowed_divorced,25-29,700
1999,male,widowed_divorced,30-34,1900
1999,male,widowed_divorced,35-39,2600
1999,male,widowed_divorced,40-44,2900
1999,male,widowed_divorced,45-49,3400
1999,male,widowed_divorced,50-54,2700
1999,male,widowed_divorced,55-59,1800
1999,male,widowed_divorced,60-64,1500
1999,male,widowed_divorced,65-69,900
1999,male,widowed_divorced,70_and_over,1100
1999,female,single,15-19,14600
1999,female,single,20-24,60900
1999,female,single,25-29,52100
1999,female,single,30-34,25900
1999,female,single,35-39,20100
1999,female,single,40-44,18300
1999,female,single,45-49,14500
1999,female,single,50-54,7600
1999,female,single,55-59,2700
1999,female,single,60-64,1400
1999,female,single,65-69,400
1999,female,single,70_and_over,300
1999,female,married,15-19,300
1999,female,married,20-24,10000
1999,female,married,25-29,56900
1999,female,married,30-34,75800
1999,female,married,35-39,65700
1999,female,married,40-44,64700
1999,female,married,45-49,52800
1999,female,married,50-54,29900
1999,female,married,55-59,14300
1999,female,married,60-64,6000
1999,female,married,65-69,2000
1999,female,married,70_and_over,500
1999,female,widowed_divorced,15-19,-
1999,female,widowed_divorced,20-24,300
1999,female,widowed_divorced,25-29,900
1999,female,widowed_divorced,30-34,2200
1999,female,widowed_divorced,35-39,5400
1999,female,widowed_divorced,40-44,7500
1999,female,widowed_divorced,45-49,7900
1999,female,widowed_divorced,50-54,5900
1999,female,widowed_divorced,55-59,4600
1999,female,widowed_divorced,60-64,4000
1999,female,widowed_divorced,65-69,1700
1999,female,widowed_divorced,70_and_over,1400
2001,male,single,15-19,19200
2001,male,single,20-24,70300
2001,male,single,25-29,71900
2001,male,single,30-34,38600
2001,male,single,35-39,26000
2001,male,single,40-44,21700
2001,male,single,45-49,13700
2001,male,single,50-54,7000
2001,male,single,55-59,2500
2001,male,single,60-64,1900
2001,male,single,65-69,1000
2001,male,single,70_and_over,400
2001,male,married,15-19,400
2001,male,married,20-24,3000
2001,male,married,25-29,37500
2001,male,married,30-34,89600
2001,male,married,35-39,126400
2001,male,married,40-44,128900
2001,male,married,45-49,113400
2001,male,married,50-54,92700
2001,male,married,55-59,39100
2001,male,married,60-64,27700
2001,male,married,65-69,11500
2001,male,married,70_and_over,6600
2001,male,widowed_divorced,15-19,-
2001,male,widowed_divorced,20-24,100
2001,male,widowed_divorced,25-29,700
2001,male,widowed_divorced,30-34,1900
2001,male,widowed_divorced,35-39,3000
2001,male,widowed_divorced,40-44,3100
2001,male,widowed_divorced,45-49,3900
2001,male,widowed_divorced,50-54,3800
2001,male,widowed_divorced,55-59,2300
2001,male,widowed_divorced,60-64,2000
2001,male,widowed_divorced,65-69,1100
2001,male,widowed_divorced,70_and_over,1200
2001,female,single,15-19,14400
2001,female,single,20-24,57800
2001,female,single,25-29,51700
2001,female,single,30-34,25900
2001,female,single,35-39,21300
2001,female,single,40-44,19600
2001,female,single,45-49,14500
2001,female,single,50-54,8500
2001,female,single,55-59,2800
2001,female,single,60-64,1700
2001,female,single,65-69,400
2001,female,single,70_and_over,300
2001,female,married,15-19,400
2001,female,married,20-24,8600
2001,female,married,25-29,55900
2001,female,married,30-34,75500
2001,female,married,35-39,74300
2001,female,married,40-44,68500
2001,female,married,45-49,56500
2001,female,married,50-54,39300
2001,female,married,55-59,15600
2001,female,married,60-64,6700
2001,female,married,65-69,2200
2001,female,married,70_and_over,700
2001,female,widowed_divorced,15-19,-
2001,female,widowed_divorced,20-24,300
2001,female,widowed_divorced,25-29,1100
2001,female,widowed_divorced,30-34,3100
2001,female,widowed_divorced,35-39,5400
2001,female,widowed_divorced,40-44,8100
2001,female,widowed_divorced,45-49,9300
2001,female,widowed_divorced,50-54,8200
2001,female,widowed_divorced,55-59,4800
2001,female,widowed_divorced,60-64,3400
2001,female,widowed_divorced,65-69,1700
2001,female,widowed_divorced,70_and_over,1500
2002,male,single,15-19,13900
2002,male,single,20-24,68600
2002,male,single,25-29,72900
2002,male,single,30-34,42100
2002,male,single,35-39,28400
2002,male,single,40-44,21200
2002,male,single,45-49,14700
2002,male,single,50-54,8600
2002,male,single,55-59,2800
2002,male,single,60-64,1700
2002,male,single,65-69,800
2002,male,single,70_and_over,400
2002,male,married,15-19,100
2002,male,married,20-24,2300
2002,male,married,25-29,32400
2002,male,married,30-34,85500
2002,male,married,35-39,125900
2002,male,married,40-44,130400
2002,male,married,45-49,117800
2002,male,married,50-54,98000
2002,male,married,55-59,53200
2002,male,married,60-64,29200
2002,male,married,65-69,12300
2002,male,married,70_and_over,6600
2002,male,widowed_divorced,15-19,-
2002,male,widowed_divorced,20-24,-
2002,male,widowed_divorced,25-29,700
2002,male,widowed_divorced,30-34,1700
2002,male,widowed_divorced,35-39,2700
2002,male,widowed_divorced,40-44,3700
2002,male,widowed_divorced,45-49,3300
2002,male,widowed_divorced,50-54,4500
2002,male,widowed_divorced,55-59,2400
2002,male,widowed_divorced,60-64,1600
2002,male,widowed_divorced,65-69,1300
2002,male,widowed_divorced,70_and_over,1300
2002,female,single,15-19,10900
2002,female,single,20-24,55200
2002,female,single,25-29,55500
2002,female,single,30-34,27600
2002,female,single,35-39,20400
2002,female,single,40-44,20000
2002,female,single,45-49,15000
2002,female,single,50-54,11300
2002,female,single,55-59,4600
2002,female,single,60-64,1500
2002,female,single,65-69,500
2002,female,single,70_and_over,300
2002,female,married,15-19,200
2002,female,married,20-24,6700
2002,female,married,25-29,47900
2002,female,married,30-34,77800
2002,female,married,35-39,74400
2002,female,married,40-44,68500
2002,female,married,45-49,60700
2002,female,married,50-54,40200
2002,female,married,55-59,20000
2002,female,married,60-64,7900
2002,female,married,65-69,2000
2002,female,married,70_and_over,900
2002,female,widowed_divorced,15-19,-
2002,female,widowed_divorced,20-24,400
2002,female,widowed_divorced,25-29,1000
2002,female,widowed_divorced,30-34,3100
2002,female,widowed_divorced,35-39,5000
2002,female,widowed_divorced,40-44,7700
2002,female,widowed_divorced,45-49,8600
2002,female,widowed_divorced,50-54,7900
2002,female,widowed_divorced,55-59,5100
2002,female,widowed_divorced,60-64,3300
2002,female,widowed_divorced,65-69,1300
2002,female,widowed_divorced,70_and_over,1700
2003,male,single,15-19,14600
2003,male,single,20-24,68700
2003,male,single,25-29,72100
2003,male,single,30-34,43100
2003,male,single,35-39,29000
2003,male,single,40-44,22500
2003,male,single,45-49,15200
2003,male,single,50-54,9200
2003,male,single,55-59,3900
2003,male,single,60-64,1700
2003,male,single,65-69,900
2003,male,single,70_and_over,600
2003,male,married,15-19,100
2003,male,married,20-24,2300
2003,male,married,25-29,32400
2003,male,married,30-34,89100
2003,male,married,35-39,117700
2003,male,married,40-44,128800
2003,male,married,45-49,123400
2003,male,married,50-54,98900
2003,male,married,55-59,60700
2003,male,married,60-64,28500
2003,male,married,65-69,12900
2003,male,married,70_and_over,6900
2003,male,widowed_divorced,15-19,-
2003,male,widowed_divorced,20-24,200
2003,male,widowed_divorced,25-29,700
2003,male,widowed_divorced,30-34,1300
2003,male,widowed_divorced,35-39,3000
2003,male,widowed_divorced,40-44,3100
2003,male,widowed_divorced,45-49,3600
2003,male,widowed_divorced,50-54,4400
2003,male,widowed_divorced,55-59,2600
2003,male,widowed_divorced,60-64,2100
2003,male,widowed_divorced,65-69,1200
2003,male,widowed_divorced,70_and_over,1200
2003,female,single,15-19,10700
2003,female,single,20-24,58000
2003,female,single,25-29,54000
2003,female,single,30-34,30100
2003,female,single,35-39,24600
2003,female,single,40-44,19100
2003,female,single,45-49,16200
2003,female,single,50-54,12300
2003,female,single,55-59,5700
2003,female,single,60-64,1800
2003,female,single,65-69,600
2003,female,single,70_and_over,300
2003,female,married,15-19,100
2003,female,married,20-24,6900
2003,female,married,25-29,51400
2003,female,married,30-34,80800
2003,female,married,35-39,73100
2003,female,married,40-44,71200
2003,female,married,45-49,60600
2003,female,married,50-54,44600
2003,female,married,55-59,21000
2003,female,married,60-64,7700
2003,female,married,65-69,2800
2003,female,married,70_and_over,700
2003,female,widowed_divorced,15-19,-
2003,female,widowed_divorced,20-24,500
2003,female,widowed_divorced,25-29,1700
2003,female,widowed_divorced,30-34,2600
2003,female,widowed_divorced,35-39,4800
2003,female,widowed_divorced,40-44,7700
2003,female,widowed_divorced,45-49,9100
2003,female,widowed_divorced,50-54,8600
2003,female,widowed_divorced,55-59,4200
2003,female,widowed_divorced,60-64,3400
2003,female,widowed_divorced,65-69,1900
2003,female,widowed_divorced,70_and_over,1500
2004,male,single,15-19,15000
2004,male,single,20-24,73000
2004,male,single,25-29,74500
2004,male,single,30-34,42600
2004,male,single,35-39,23100
2004,male,single,40-44,21700
2004,male,single,45-49,17600
2004,male,single,50-54,10000
2004,male,single,55-59,4500
2004,male,single,60-64,1800
2004,male,single,65-69,800
2004,male,single,70_and_over,500
2004,male,married,15-19,-
2004,male,married,20-24,2000
2004,male,married,25-29,29500
2004,male,married,30-34,87300
2004,male,married,35-39,112700
2004,male,married,40-44,133500
2004,male,married,45-49,125500
2004,male,married,50-54,104600
2004,male,married,55-59,66500
2004,male,married,60-64,29300
2004,male,married,65-69,13000
2004,male,married,70_and_over,5500
2004,male,widowed_divorced,15-19,-
2004,male,widowed_divorced,20-24,100
2004,male,widowed_divorced,25-29,700
2004,male,widowed_divorced,30-34,1300
2004,male,widowed_divorced,35-39,2800
2004,male,widowed_divorced,40-44,3500
2004,male,widowed_divorced,45-49,4000
2004,male,widowed_divorced,50-54,4000
2004,male,widowed_divorced,55-59,3200
2004,male,widowed_divorced,60-64,1800
2004,male,widowed_divorced,65-69,900
2004,male,widowed_divorced,70_and_over,900
2004,female,single,15-19,13400
2004,female,single,20-24,58900
2004,female,single,25-29,56900
2004,female,single,30-34,28400
2004,female,single,35-39,20500
2004,female,single,40-44,18000
2004,female,single,45-49,15900
2004,female,single,50-54,11400
2004,female,single,55-59,6900
2004,female,single,60-64,1900
2004,female,single,65-69,700
2004,female,single,70_and_over,200
2004,female,married,15-19,100
2004,female,married,20-24,7700
2004,female,married,25-29,45200
2004,female,married,30-34,79700
2004,female,married,35-39,76200
2004,female,married,40-44,76000
2004,female,married,45-49,66800
2004,female,married,50-54,44100
2004,female,married,55-59,25200
2004,female,married,60-64,6900
2004,female,married,65-69,2700
2004,female,married,70_and_over,900
2004,female,widowed_divorced,15-19,-
2004,female,widowed_divorced,20-24,500
2004,female,widowed_divorced,25-29,1600
2004,female,widowed_divorced,30-34,3300
2004,female,widowed_divorced,35-39,5100
2004,female,widowed_divorced,40-44,8100
2004,female,widowed_divorced,45-49,10100
2004,female,widowed_divorced,50-54,9600
2004,female,widowed_divorced,55-59,6300
2004,female,widowed_divorced,60-64,3200
2004,female,widowed_divorced,65-69,2100
2004,female,widowed_divorced,70_and_over,1600
2006,male,single,15-19,17000
2006,male,single,20-24,77400
2006,male,single,25-29,77000
2006,male,single,30-34,44600
2006,male,single,35-39,26000
2006,male,single,40-44,21500
2006,male,single,45-49,17700
2006,male,single,50-54,12100
2006,male,single,55-59,6900
2006,male,single,60-64,2400
2006,male,single,65-69,1100
2006,male,single,70_and_over,700
2006,male,married,15-19,100
2006,male,married,20-24,2700
2006,male,married,25-29,27300
2006,male,married,30-34,82000
2006,male,married,35-39,113400
2006,male,married,40-44,128500
2006,male,married,45-49,133000
2006,male,married,50-54,114600
2006,male,married,55-59,81400
2006,male,married,60-64,35300
2006,male,married,65-69,17700
2006,male,married,70_and_over,8900
2006,male,widowed_divorced,15-19,-
2006,male,widowed_divorced,20-24,200
2006,male,widowed_divorced,25-29,600
2006,male,widowed_divorced,30-34,2500
2006,male,widowed_divorced,35-39,2900
2006,male,widowed_divorced,40-44,5700
2006,male,widowed_divorced,45-49,5500
2006,male,widowed_divorced,50-54,5300
2006,male,widowed_divorced,55-59,4600
2006,male,widowed_divorced,60-64,2100
2006,male,widowed_divorced,65-69,1500
2006,male,widowed_divorced,70_and_over,1400
2006,female,single,15-19,14700
2006,female,single,20-24,65800
2006,female,single,25-29,62200
2006,female,single,30-34,31900
2006,female,single,35-39,22800
2006,female,single,40-44,18400
2006,female,single,45-49,18500
2006,female,single,50-54,12800
2006,female,single,55-59,8700
2006,female,single,60-64,2600
2006,female,single,65-69,900
2006,female,single,70_and_over,300
2006,female,married,15-19,200
2006,female,married,20-24,5800
2006,female,married,25-29,43700
2006,female,married,30-34,81800
2006,female,married,35-39,80400
2006,female,married,40-44,82900
2006,female,married,45-49,77100
2006,female,married,50-54,56400
2006,female,married,55-59,32200
2006,female,married,60-64,10500
2006,female,married,65-69,5900
2006,female,married,70_and_over,2000
2006,female,widowed_divorced,15-19,-
2006,female,widowed_divorced,20-24,900
2006,female,widowed_divorced,25-29,1600
2006,female,widowed_divorced,30-34,4100
2006,female,widowed_divorced,35-39,5400
2006,female,widowed_divorced,40-44,8800
2006,female,widowed_divorced,45-49,10900
2006,female,widowed_divorced,50-54,11000
2006,female,widowed_divorced,55-59,8600
2006,female,widowed_divorced,60-64,4500
2006,female,widowed_divorced,65-69,2900
2006,female,widowed_divorced,70_and_over,2700
2007,male,single,15-19,21400
2007,male,single,20-24,70700
2007,male,single,25-29,77000
2007,male,single,30-34,44100
2007,male,single,35-39,26000
2007,male,single,40-44,20600
2007,male,single,45-49,17000
2007,male,single,50-54,13200
2007,male,single,55-59,6500
2007,male,single,60-64,1900
2007,male,single,65-69,1300
2007,male,single,70_and_over,800
2007,male,married,15-19,200
2007,male,married,20-24,2600
2007,male,married,25-29,26300
2007,male,married,30-34,83600
2007,male,married,35-39,111900
2007,male,married,40-44,123800
2007,male,married,45-49,129300
2007,male,married,50-54,113400
2007,male,married,55-59,86300
2007,male,married,60-64,40100
2007,male,married,65-69,18000
2007,male,married,70_and_over,9000
2007,male,widowed_divorced,15-19,-
2007,male,widowed_divorced,20-24,-
2007,male,widowed_divorced,25-29,700
2007,male,widowed_divorced,30-34,2200
2007,male,widowed_divorced,35-39,3800
2007,male,widowed_divorced,40-44,4200
2007,male,widowed_divorced,45-49,5300
2007,male,widowed_divorced,50-54,5800
2007,male,widowed_divorced,55-59,4500
2007,male,widowed_divorced,60-64,3100
2007,male,widowed_divorced,65-69,2200
2007,male,widowed_divorced,70_and_over,1600
2007,female,single,15-19,14900
2007,female,single,20-24,60000
2007,female,single,25-29,61200
2007,female,single,30-34,31500
2007,female,single,35-39,21100
2007,female,single,40-44,18600
2007,female,single,45-49,17400
2007,female,single,50-54,14900
2007,female,single,55-59,9200
2007,female,single,60-64,3100
2007,female,single,65-69,1100
2007,female,single,70_and_over,400
2007,female,married,15-19,100
2007,female,married,20-24,6800
2007,female,married,25-29,43000
2007,female,married,30-34,80000
2007,female,married,35-39,81600
2007,female,married,40-44,82000
2007,female,married,45-49,78200
2007,female,married,50-54,59400
2007,female,married,55-59,34100
2007,female,married,60-64,13500
2007,female,married,65-69,4800
2007,female,married,70_and_over,1600
2007,female,widowed_divorced,15-19,-
2007,female,widowed_divorced,20-24,500
2007,female,widowed_divorced,25-29,1700
2007,female,widowed_divorced,30-34,3700
2007,female,widowed_divorced,35-39,5200
2007,female,widowed_divorced,40-44,8100
2007,female,widowed_divorced,45-49,10900
2007,female,widowed_divorced,50-54,10700
2007,female,widowed_divorced,55-59,9000
2007,female,widowed_divorced,60-64,4800
2007,female,widowed_divorced,65-69,3500
2007,female,widowed_divorced,70_and_over,3000
2008,male,single,15-19,19200
2008,male,single,20-24,72800
2008,male,single,25-29,76800
2008,male,single,30-34,42700
2008,male,single,35-39,27400
2008,male,single,40-44,19800
2008,male,single,45-49,18400
2008,male,single,50-54,13300
2008,male,single,55-59,6600
2008,male,single,60-64,3200
2008,male,single,65-69,1200
2008,male,single,70_and_over,500
2008,male,married,15-19,100
2008,male,married,20-24,2800
2008,male,married,25-29,27700
2008,male,married,30-34,79100
2008,male,married,35-39,114000
2008,male,married,40-44,125500
2008,male,married,45-49,131500
2008,male,married,50-54,116100
2008,male,married,55-59,86300
2008,male,married,60-64,45600
2008,male,married,65-69,18900
2008,male,married,70_and_over,12200
2008,male,widowed_divorced,15-19,-
2008,male,widowed_divorced,20-24,100
2008,male,widowed_divorced,25-29,600
2008,male,widowed_divorced,30-34,2300
2008,male,widowed_divorced,35-39,3400
2008,male,widowed_divorced,40-44,4000
2008,male,widowed_divorced,45-49,4800
2008,male,widowed_divorced,50-54,5400
2008,male,widowed_divorced,55-59,5000
2008,male,widowed_divorced,60-64,2600
2008,male,widowed_divorced,65-69,1600
2008,male,widowed_divorced,70_and_over,1500
2008,female,single,15-19,14700
2008,female,single,20-24,64600
2008,female,single,25-29,60200
2008,female,single,30-34,34300
2008,female,single,35-39,22800
2008,female,single,40-44,17900
2008,female,single,45-49,15700
2008,female,single,50-54,15100
2008,female,single,55-59,7600
2008,female,single,60-64,3800
2008,female,single,65-69,1000
2008,female,single,70_and_over,400
2008,female,married,15-19,100
2008,female,married,20-24,6000
2008,female,married,25-29,42100
2008,female,married,30-34,80100
2008,female,married,35-39,90400
2008,female,married,40-44,86200
2008,female,married,45-49,81500
2008,female,married,50-54,63700
2008,female,married,55-59,36800
2008,female,married,60-64,17200
2008,female,married,65-69,5900
2008,female,married,70_and_over,2300
2008,female,widowed_divorced,15-19,-
2008,female,widowed_divorced,20-24,700
2008,female,widowed_divorced,25-29,2000
2008,female,widowed_divorced,30-34,4400
2008,female,widowed_divorced,35-39,5800
2008,female,widowed_divorced,40-44,8600
2008,female,widowed_divorced,45-49,10000
2008,female,widowed_divorced,50-54,11300
2008,female,widowed_divorced,55-59,9700
2008,female,widowed_divorced,60-64,5800
2008,female,widowed_divorced,65-69,3500
2008,female,widowed_divorced,70_and_over,2900
2009,male,single,15-19,18000
2009,male,single,20-24,76200
2009,male,single,25-29,84000
2009,male,single,30-34,45800
2009,male,single,35-39,25100
2009,male,single,40-44,21500
2009,male,single,45-49,16500
2009,male,single,50-54,14100
2009,male,single,55-59,7300
2009,male,single,60-64,3100
2009,male,single,65-69,1200
2009,male,single,70_and_over,800
2009,male,married,15-19,-
2009,male,married,20-24,2600
2009,male,married,25-29,26900
2009,male,married,30-34,81500
2009,male,married,35-39,112500
2009,male,married,40-44,124400
2009,male,married,45-49,131200
2009,male,married,50-54,118600
2009,male,married,55-59,90500
2009,male,married,60-64,53600
2009,male,married,65-69,21800
2009,male,married,70_and_over,14300
2009,male,widowed_divorced,15-19,-
2009,male,widowed_divorced,20-24,-
2009,male,widowed_divorced,25-29,900
2009,male,widowed_divorced,30-34,2000
2009,male,widowed_divorced,35-39,3600
2009,male,widowed_divorced,40-44,4900
2009,male,widowed_divorced,45-49,5100
2009,male,widowed_divorced,50-54,5900
2009,male,widowed_divorced,55-59,4500
2009,male,widowed_divorced,60-64,4400
2009,male,widowed_divorced,65-69,1700
2009,male,widowed_divorced,70_and_over,2200
2009,female,single,15-19,13600
2009,female,single,20-24,61700
2009,female,single,25-29,65300
2009,female,single,30-34,33000
2009,female,single,35-39,24900
2009,female,single,40-44,18400
2009,female,single,45-49,16800
2009,female,single,50-54,16200
2009,female,single,55-59,10600
2009,female,single,60-64,4700
2009,female,single,65-69,1300
2009,female,single,70_and_over,800
2009,female,married,15-19,200
2009,female,married,20-24,5100
2009,female,married,25-29,41700
2009,female,married,30-34,81400
2009,female,married,35-39,95500
2009,female,married,40-44,85300
2009,female,married,45-49,81100
2009,female,married,50-54,67800
2009,female,married,55-59,37500
2009,female,married,60-64,20100
2009,female,married,65-69,6600
2009,female,married,70_and_over,2900
2009,female,widowed_divorced,15-19,-
2009,female,widowed_divorced,20-24,600
2009,female,widowed_divorced,25-29,1800
2009,female,widowed_divorced,30-34,4600
2009,female,widowed_divorced,35-39,7200
2009,female,widowed_divorced,40-44,8800
2009,female,widowed_divorced,45-49,11200
2009,female,widowed_divorced,50-54,10700
2009,female,widowed_divorced,55-59,9100
2009,female,widowed_divorced,60-64,6200
2009,female,widowed_divorced,65-69,3300
2009,female,widowed_divorced,70_and_over,3000
2010,male,single,15-19,24000
2010,male,single,20-24,79900
2010,male,single,25-29,83500
2010,male,single,30-34,47200
2010,male,single,35-39,27900
2010,male,single,40-44,18500
2010,male,single,45-49,18800
2010,male,single,50-54,13500
2010,male,single,55-59,9000
2010,male,single,60-64,3800
2010,male,single,65-69,1100
2010,male,single,70_and_over,800
2010,male,married,15-19,200
2010,male,married,20-24,2900
2010,male,married,25-29,29300
2010,male,married,30-34,81900
2010,male,married,35-39,118100
2010,male,married,40-44,119000
2010,male,married,45-49,129500
2010,male,married,50-54,117600
2010,male,married,55-59,97400
2010,male,married,60-64,56200
2010,male,married,65-69,21500
2010,male,married,70_and_over,14500
2010,male,widowed_divorced,15-19,-
2010,male,widowed_divorced,20-24,100
2010,male,widowed_divorced,25-29,800
2010,male,widowed_divorced,30-34,2600
2010,male,widowed_divorced,35-39,4100
2010,male,widowed_divorced,40-44,4200
2010,male,widowed_divorced,45-49,5700
2010,male,widowed_divorced,50-54,6000
2010,male,widowed_divorced,55-59,4600
2010,male,widowed_divorced,60-64,3600
2010,male,widowed_divorced,65-69,1800
2010,male,widowed_divorced,70_and_over,2100
2010,female,single,15-19,17000
2010,female,single,20-24,69500
2010,female,single,25-29,63200
2010,female,single,30-34,35600
2010,female,single,35-39,24400
2010,female,single,40-44,19900
2010,female,single,45-49,18000
2010,female,single,50-54,17700
2010,female,single,55-59,10900
2010,female,single,60-64,5900
2010,female,single,65-69,1300
2010,female,single,70_and_over,600
2010,female,married,15-19,100
2010,female,married,20-24,4900
2010,female,married,25-29,44300
2010,female,married,30-34,83300
2010,female,married,35-39,93300
2010,female,married,40-44,84200
2010,female,married,45-49,84500
2010,female,married,50-54,67700
2010,female,married,55-59,45400
2010,female,married,60-64,22000
2010,female,married,65-69,6400
2010,female,married,70_and_over,3400
2010,female,widowed_divorced,15-19,-
2010,female,widowed_divorced,20-24,400
2010,female,widowed_divorced,25-29,2100
2010,female,widowed_divorced,30-34,4100
2010,female,widowed_divorced,35-39,7200
2010,female,widowed_divorced,40-44,8600
2010,female,widowed_divorced,45-49,10400
2010,female,widowed_divorced,50-54,13100
2010,female,widowed_divorced,55-59,11200
2010,female,widowed_divorced,60-64,7200
2010,female,widowed_divorced,65-69,3800
2010,female,widowed_divorced,70_and_over,4200
2011,male,single,15-19,21200
2011,male,single,20-24,81200
2011,male,single,25-29,81500
2011,male,single,30-34,47100
2011,male,single,35-39,27900
2011,male,single,40-44,18700
2011,male,single,45-49,16500
2011,male,single,50-54,14200
2011,male,single,55-59,9100
2011,male,single,60-64,3400
2011,male,single,65-69,1700
2011,male,single,70_and_over,600
2011,male,married,15-19,-
2011,male,married,20-24,1500
2011,male,married,25-29,25900
2011,male,married,30-34,78400
2011,male,married,35-39,112200
2011,male,married,40-44,116100
2011,male,married,45-49,131400
2011,male,married,50-54,124200
2011,male,married,55-59,99500
2011,male,married,60-64,66900
2011,male,married,65-69,25800
2011,male,married,70_and_over,18200
2011,male,widowed_divorced,15-19,-
2011,male,widowed_divorced,20-24,200
2011,male,widowed_divorced,25-29,900
2011,male,widowed_divorced,30-34,2300
2011,male,widowed_divorced,35-39,3900
2011,male,widowed_divorced,40-44,4600
2011,male,widowed_divorced,45-49,6000
2011,male,widowed_divorced,50-54,5600
2011,male,widowed_divorced,55-59,4800
2011,male,widowed_divorced,60-64,3900
2011,male,widowed_divorced,65-69,2200
2011,male,widowed_divorced,70_and_over,2900
2011,female,single,15-19,12800
2011,female,single,20-24,73500
2011,female,single,25-29,66200
2011,female,single,30-34,35800
2011,female,single,35-39,24700
2011,female,single,40-44,19900
2011,female,single,45-49,17900
2011,female,single,50-54,15400
2011,female,single,55-59,12400
2011,female,single,60-64,5900
2011,female,single,65-69,1600
2011,female,single,70_and_over,900
2011,female,married,15-19,100
2011,female,married,20-24,5200
2011,female,married,25-29,38100
2011,female,married,30-34,81700
2011,female,married,35-39,92600
2011,female,married,40-44,88100
2011,female,married,45-49,86300
2011,female,married,50-54,74400
2011,female,married,55-59,50500
2011,female,married,60-64,27300
2011,female,married,65-69,9600
2011,female,married,70_and_over,3900
2011,female,widowed_divorced,15-19,-
2011,female,widowed_divorced,20-24,600
2011,female,widowed_divorced,25-29,2000
2011,female,widowed_divorced,30-34,4100
2011,female,widowed_divorced,35-39,7000
2011,female,widowed_divorced,40-44,9500
2011,female,widowed_divorced,45-49,11300
2011,female,widowed_divorced,50-54,13100
2011,female,widowed_divorced,55-59,11500
2011,female,widowed_divorced,60-64,7100
2011,female,widowed_divorced,65-69,4100
2011,female,widowed_divorced,70_and_over,4500
2012,male,single,15-19,19400
2012,male,single,20-24,88300
2012,male,single,25-29,83600
2012,male,single,30-34,46800
2012,male,single,35-39,25600
2012,male,single,40-44,17300
2012,male,single,45-49,17100
2012,male,single,50-54,14400
2012,male,single,55-59,8800
2012,male,single,60-64,4800
2012,male,single,65-69,2200
2012,male,single,70_and_over,1000
2012,male,married,15-19,-
2012,male,married,20-24,2200
2012,male,married,25-29,19900
2012,male,married,30-34,74500
2012,male,married,35-39,110900
2012,male,married,40-44,121400
2012,male,married,45-49,128600
2012,male,married,50-54,123600
2012,male,married,55-59,106600
2012,male,married,60-64,72900
2012,male,married,65-69,28900
2012,male,married,70_and_over,19000
2012,male,widowed_divorced,15-19,-
2012,male,widowed_divorced,20-24,100
2012,male,widowed_divorced,25-29,700
2012,male,widowed_divorced,30-34,2300
2012,male,widowed_divorced,35-39,3800
2012,male,widowed_divorced,40-44,5000
2012,male,widowed_divorced,45-49,5300
2012,male,widowed_divorced,50-54,7200
2012,male,widowed_divorced,55-59,5400
2012,male,widowed_divorced,60-64,4200
2012,male,widowed_divorced,65-69,2800
2012,male,widowed_divorced,70_and_over,3000
2012,female,single,15-19,14400
2012,female,single,20-24,76400
2012,female,single,25-29,65900
2012,female,single,30-34,35500
2012,female,single,35-39,24500
2012,female,single,40-44,18200
2012,female,single,45-49,18600
2012,female,single,50-54,14800
2012,female,single,55-59,11300
2012,female,single,60-64,6100
2012,female,single,65-69,3100
2012,female,single,70_and_over,1300
2012,female,married,15-19,100
2012,female,married,20-24,3900
2012,female,married,25-29,35500
2012,female,married,30-34,81900
2012,female,married,35-39,93900
2012,female,married,40-44,93900
2012,female,married,45-49,87800
2012,female,married,50-54,78000
2012,female,married,55-59,53500
2012,female,married,60-64,30600
2012,female,married,65-69,11300
2012,female,married,70_and_over,4300
2012,female,widowed_divorced,15-19,-
2012,female,widowed_divorced,20-24,400
2012,female,widowed_divorced,25-29,1700
2012,female,widowed_divorced,30-34,4100
2012,female,widowed_divorced,35-39,7500
2012,female,widowed_divorced,40-44,9800
2012,female,widowed_divorced,45-49,12200
2012,female,widowed_divorced,50-54,11200
2012,female,widowed_divorced,55-59,11400
2012,female,widowed_divorced,60-64,9000
2012,female,widowed_divorced,65-69,4700
2012,female,widowed_divorced,70_and_over,5200
2013,male,single,15-19,18300
2013,male,single,20-24,82400
2013,male,single,25-29,81000
2013,male,single,30-34,48600
2013,male,single,35-39,27900
2013,male,single,40-44,19700
2013,male,single,45-49,16300
2013,male,single,50-54,14400
2013,male,single,55-59,11600
2013,male,single,60-64,5500
2013,male,single,65-69,1900
2013,male,single,70_and_over,1000
2013,male,married,15-19,-
2013,male,married,20-24,1800
2013,male,married,25-29,20800
2013,male,married,30-34,75400
2013,male,married,35-39,107000
2013,male,married,40-44,119300
2013,male,married,45-49,127300
2013,male,married,50-54,126100
2013,male,married,55-59,104000
2013,male,married,60-64,75300
2013,male,married,65-69,34900
2013,male,married,70_and_over,21800
2013,male,widowed_divorced,15-19,-
2013,male,widowed_divorced,20-24,100
2013,male,widowed_divorced,25-29,600
2013,male,widowed_divorced,30-34,2100
2013,male,widowed_divorced,35-39,3300
2013,male,widowed_divorced,40-44,4300
2013,male,widowed_divorced,45-49,6000
2013,male,widowed_divorced,50-54,6600
2013,male,widowed_divorced,55-59,6100
2013,male,widowed_divorced,60-64,5700
2013,male,widowed_divorced,65-69,2600
2013,male,widowed_divorced,70_and_over,3400
2013,female,single,15-19,12900
2013,female,single,20-24,69000
2013,female,single,25-29,70500
2013,female,single,30-34,37300
2013,female,single,35-39,26700
2013,female,single,40-44,20200
2013,female,single,45-49,18600
2013,female,single,50-54,17400
2013,female,single,55-59,12800
2013,female,single,60-64,8400
2013,female,single,65-69,2900
2013,female,single,70_and_over,1000
2013,female,married,15-19,-
2013,female,married,20-24,3600
2013,female,married,25-29,35000
2013,female,married,30-34,82000
2013,female,married,35-39,91700
2013,female,married,40-44,93000
2013,female,married,45-49,86800
2013,female,married,50-54,77900
2013,female,married,55-59,58300
2013,female,married,60-64,32600
2013,female,married,65-69,12400
2013,female,married,70_and_over,5400
2013,female,widowed_divorced,15-19,-
2013,female,widowed_divorced,20-24,200
2013,female,widowed_divorced,25-29,1800
2013,female,widowed_divorced,30-34,3200
2013,female,widowed_divorced,35-39,5800
2013,female,widowed_divorced,40-44,9800
2013,female,widowed_divorced,45-49,11300
2013,female,widowed_divorced,50-54,12800
2013,female,widowed_divorced,55-59,12600
2013,female,widowed_divorced,60-64,9300
2013,female,widowed_divorced,65-69,6700
2013,female,widowed_divorced,70_and_over,5900
2014,male,single,15-19,19400
2014,male,single,20-24,83500
2014,male,single,25-29,88200
2014,male,single,30-34,48100
2014,male,single,35-39,28200
2014,male,single,40-44,19800
2014,male,single,45-49,16500
2014,male,single,50-54,14700
2014,male,single,55-59,11600
2014,male,single,60-64,6400
2014,male,single,65-69,2000
2014,male,single,70_and_over,1200
2014,male,married,15-19,-
2014,male,married,20-24,1300
2014,male,married,25-29,20500
2014,male,married,30-34,76700
2014,male,married,35-39,104000
2014,male,married,40-44,118300
2014,male,married,45-49,117000
2014,male,married,50-54,125000
2014,male,married,55-59,110700
2014,male,married,60-64,83600
2014,male,married,65-69,40800
2014,male,married,70_and_over,25600
2014,male,widowed_divorced,15-19,-
2014,male,widowed_divorced,20-24,200
2014,male,widowed_divorced,25-29,400
2014,male,widowed_divorced,30-34,2000
2014,male,widowed_divorced,35-39,3400
2014,male,widowed_divorced,40-44,4100
2014,male,widowed_divorced,45-49,5900
2014,male,widowed_divorced,50-54,6300
2014,male,widowed_divorced,55-59,6000
2014,male,widowed_divorced,60-64,4800
2014,male,widowed_divorced,65-69,3500
2014,male,widowed_divorced,70_and_over,3100
2014,female,single,15-19,11500
2014,female,single,20-24,73400
2014,female,single,25-29,74900
2014,female,single,30-34,36500
2014,female,single,35-39,26400
2014,female,single,40-44,22100
2014,female,single,45-49,17700
2014,female,single,50-54,18900
2014,female,single,55-59,14900
2014,female,single,60-64,9900
2014,female,single,65-69,3600
2014,female,single,70_and_over,1200
2014,female,married,15-19,-
2014,female,married,20-24,2800
2014,female,married,25-29,32500
2014,female,married,30-34,83000
2014,female,married,35-39,88100
2014,female,married,40-44,91500
2014,female,married,45-49,86200
2014,female,married,50-54,82000
2014,female,married,55-59,63800
2014,female,married,60-64,36900
2014,female,married,65-69,17200
2014,female,married,70_and_over,6800
2014,female,widowed_divorced,15-19,-
2014,female,widowed_divorced,20-24,100
2014,female,widowed_divorced,25-29,1100
2014,female,widowed_divorced,30-34,3800
2014,female,widowed_divorced,35-39,6100
2014,female,widowed_divorced,40-44,10200
2014,female,widowed_divorced,45-49,9700
2014,female,widowed_divorced,50-54,13700
2014,female,widowed_divorced,55-59,13300
2014,female,widowed_divorced,60-64,9400
2014,female,widowed_divorced,65-69,7000
2014,female,widowed_divorced,70_and_over,6600
2015,male,single,15-19,24100
2015,male,single,20-24,83100
2015,male,single,25-29,85300
2015,male,single,30-34,45000
2015,male,single,35-39,27100
2015,male,single,40-44,21600
2015,male,single,45-49,17000
2015,male,single,50-54,15900
2015,male,single,55-59,11900
2015,male,single,60-64,6800
2015,male,single,65-69,2500
2015,male,single,70_and_over,1500
2015,male,married,15-19,-
2015,male,married,20-24,1400
2015,male,married,25-29,22200
2015,male,married,30-34,76700
2015,male,married,35-39,105900
2015,male,married,40-44,119400
2015,male,married,45-49,118900
2015,male,married,50-54,125800
2015,male,married,55-59,112000
2015,male,married,60-64,82200
2015,male,married,65-69,42000
2015,male,married,70_and_over,21200
2015,male,widowed_divorced,15-19,-
2015,male,widowed_divorced,20-24,100
2015,male,widowed_divorced,25-29,500
2015,male,widowed_divorced,30-34,1900
2015,male,widowed_divorced,35-39,3800
2015,male,widowed_divorced,40-44,5900
2015,male,widowed_divorced,45-49,5700
2015,male,widowed_divorced,50-54,7900
2015,male,widowed_divorced,55-59,7100
2015,male,widowed_divorced,60-64,6200
2015,male,widowed_divorced,65-69,3600
2015,male,widowed_divorced,70_and_over,4000
2015,female,single,15-19,15900
2015,female,single,20-24,77600
2015,female,single,25-29,73200
2015,female,single,30-34,34000
2015,female,single,35-39,25300
2015,female,single,40-44,23400
2015,female,single,45-49,20100
2015,female,single,50-54,15900
2015,female,single,55-59,15800
2015,female,single,60-64,10200
2015,female,single,65-69,3600
2015,female,single,70_and_over,1300
2015,female,married,15-19,100
2015,female,married,20-24,3700
2015,female,married,25-29,36500
2015,female,married,30-34,82100
2015,female,married,35-39,97300
2015,female,married,40-44,94600
2015,female,married,45-49,84100
2015,female,married,50-54,82900
2015,female,married,55-59,62600
2015,female,married,60-64,38100
2015,female,married,65-69,17700
2015,female,married,70_and_over,6300
2015,female,widowed_divorced,15-19,-
2015,female,widowed_divorced,20-24,300
2015,female,widowed_divorced,25-29,1700
2015,female,widowed_divorced,30-34,4000
2015,female,widowed_divorced,35-39,7500
2015,female,widowed_divorced,40-44,11200
2015,female,widowed_divorced,45-49,12900
2015,female,widowed_divorced,50-54,14200
2015,female,widowed_divorced,55-59,14400
2015,female,widowed_divorced,60-64,11300
2015,female,widowed_divorced,65-69,9000
2015,female,widowed_divorced,70_and_over,7600
2016,male,single,15-19,22800
2016,male,single,20-24,82900
2016,male,single,25-29,90100
2016,male,single,30-34,44600
2016,male,single,35-39,27500
2016,male,single,40-44,18700
2016,male,single,45-49,15900
2016,male,single,50-54,15700
2016,male,single,55-59,13200
2016,male,single,60-64,7000
2016,male,single,65-69,3000
2016,male,single,70_and_over,1300
2016,male,married,15-19,100
2016,male,married,20-24,1800
2016,male,married,25-29,26800
2016,male,married,30-34,76400
2016,male,married,35-39,104300
2016,male,married,40-44,116200
2016,male,married,45-49,116900
2016,male,married,50-54,123500
2016,male,married,55-59,111300
2016,male,married,60-64,86300
2016,male,married,65-69,47100
2016,male,married,70_and_over,22500
2016,male,widowed_divorced,15-19,-
2016,male,widowed_divorced,20-24,-
2016,male,widowed_divorced,25-29,1000
2016,male,widowed_divorced,30-34,1800
2016,male,widowed_divorced,35-39,3700
2016,male,widowed_divorced,40-44,4900
2016,male,widowed_divorced,45-49,6500
2016,male,widowed_divorced,50-54,8300
2016,male,widowed_divorced,55-59,7100
2016,male,widowed_divorced,60-64,6800
2016,male,widowed_divorced,65-69,4800
2016,male,widowed_divorced,70_and_over,3500
2016,female,single,15-19,14900
2016,female,single,20-24,73300
2016,female,single,25-29,80400
2016,female,single,30-34,36100
2016,female,single,35-39,24700
2016,female,single,40-44,22300
2016,female,single,45-49,18000
2016,female,single,50-54,17900
2016,female,single,55-59,14300
2016,female,single,60-64,11000
2016,female,single,65-69,5900
2016,female,single,70_and_over,1700
2016,female,married,15-19,100
2016,female,married,20-24,4200
2016,female,married,25-29,39800
2016,female,married,30-34,83300
2016,female,married,35-39,93500
2016,female,married,40-44,96300
2016,female,married,45-49,90200
2016,female,married,50-54,81600
2016,female,married,55-59,66000
2016,female,married,60-64,41500
2016,female,married,65-69,18500
2016,female,married,70_and_over,8000
2016,female,widowed_divorced,15-19,-
2016,female,widowed_divorced,20-24,300
2016,female,widowed_divorced,25-29,1100
2016,female,widowed_divorced,30-34,2500
2016,female,widowed_divorced,35-39,6000
2016,female,widowed_divorced,40-44,10000
2016,female,widowed_divorced,45-49,12600
2016,female,widowed_divorced,50-54,15300
2016,female,widowed_divorced,55-59,15000
2016,female,widowed_divorced,60-64,11500
2016,female,widowed_divorced,65-69,8400
2016,female,widowed_divorced,70_and_over,7000
2017,male,single,15-19,22900
2017,male,single,20-24,79500
2017,male,single,25-29,88300
2017,male,single,30-34,44200
2017,male,single,35-39,28000
2017,male,single,40-44,20400
2017,male,single,45-49,15600
2017,male,single,50-54,14600
2017,male,single,55-59,12300
2017,male,single,60-64,7700
2017,male,single,65-69,3300
2017,male,single,70_and_over,1400
2017,male,married,15-19,100
2017,male,married,20-24,1800
2017,male,married,25-29,25800
2017,male,married,30-34,74000
2017,male,married,35-39,109700
2017,male,married,40-44,125400
2017,male,married,45-49,124100
2017,male,married,50-54,124000
2017,male,married,55-59,107000
2017,male,married,60-64,85800
2017,male,married,65-69,48300
2017,male,married,70_and_over,30400
2017,male,widowed_divorced,15-19,-
2017,male,widowed_divorced,20-24,-
2017,male,widowed_divorced,25-29,600
2017,male,widowed_divorced,30-34,1800
2017,male,widowed_divorced,35-39,3300
2017,male,widowed_divorced,40-44,4600
2017,male,widowed_divorced,45-49,6200
2017,male,widowed_divorced,50-54,6300
2017,male,widowed_divorced,55-59,6400
2017,male,widowed_divorced,60-64,6500
2017,male,widowed_divorced,65-69,4000
2017,male,widowed_divorced,70_and_over,4400
2017,female,single,15-19,12100
2017,female,single,20-24,67900
2017,female,single,25-29,76500
2017,female,single,30-34,36700
2017,female,single,35-39,27100
2017,female,single,40-44,22600
2017,female,single,45-49,20100
2017,female,single,50-54,18400
2017,female,single,55-59,14000
2017,female,single,60-64,10200
2017,female,single,65-69,5500
2017,female,single,70_and_over,2400
2017,female,married,15-19,-
2017,female,married,20-24,3700
2017,female,married,25-29,36800
2017,female,married,30-34,83100
2017,female,married,35-39,100600
2017,female,married,40-44,98700
2017,female,married,45-49,94000
2017,female,married,50-54,77500
2017,female,married,55-59,60000
2017,female,married,60-64,43400
2017,female,married,65-69,22300
2017,female,married,70_and_over,8100
2017,female,widowed_divorced,15-19,-
2017,female,widowed_divorced,20-24,300
2017,female,widowed_divorced,25-29,1200
2017,female,widowed_divorced,30-34,2600
2017,female,widowed_divorced,35-39,6200
2017,female,widowed_divorced,40-44,9300
2017,female,widowed_divorced,45-49,12500
2017,female,widowed_divorced,50-54,13900
2017,female,widowed_divorced,55-59,14000
2017,female,widowed_divorced,60-64,12900
2017,female,widowed_divorced,65-69,8600
2017,female,widowed_divorced,70_and_over,7700
2018,male,single,15-19,23900
2018,male,single,20-24,75700
2018,male,single,25-29,91700
2018,male,single,30-34,48500
2018,male,single,35-39,26400
2018,male,single,40-44,21700
2018,male,single,45-49,16900
2018,male,single,50-54,15200
2018,male,single,55-59,11900
2018,male,single,60-64,7900
2018,male,single,65-69,3600
2018,male,single,70_and_over,1400
2018,male,married,15-19,100
2018,male,married,20-24,1600
2018,male,married,25-29,25200
2018,male,married,30-34,72800
2018,male,married,35-39,109600
2018,male,married,40-44,120400
2018,male,married,45-49,119100
2018,male,married,50-54,122300
2018,male,married,55-59,112800
2018,male,married,60-64,87400
2018,male,married,65-69,50900
2018,male,married,70_and_over,29900
2018,male,widowed_divorced,15-19,-
2018,male,widowed_divorced,20-24,100
2018,male,widowed_divorced,25-29,800
2018,male,widowed_divorced,30-34,1300
2018,male,widowed_divorced,35-39,2400
2018,male,widowed_divorced,40-44,5200
2018,male,widowed_divorced,45-49,8100
2018,male,widowed_divorced,50-54,8000
2018,male,widowed_divorced,55-59,7300
2018,male,widowed_divorced,60-64,5800
2018,male,widowed_divorced,65-69,3900
2018,male,widowed_divorced,70_and_over,3900
2018,female,single,15-19,13600
2018,female,single,20-24,70400
2018,female,single,25-29,81600
2018,female,single,30-34,35600
2018,female,single,35-39,25100
2018,female,single,40-44,22600
2018,female,single,45-49,18900
2018,female,single,50-54,16500
2018,female,single,55-59,14800
2018,female,single,60-64,11400
2018,female,single,65-69,6400
2018,female,single,70_and_over,2900
2018,female,married,15-19,200
2018,female,married,20-24,3300
2018,female,married,25-29,36200
2018,female,married,30-34,79200
2018,female,married,35-39,99500
2018,female,married,40-44,97900
2018,female,married,45-49,92500
2018,female,married,50-54,82800
2018,female,married,55-59,63200
2018,female,married,60-64,44600
2018,female,married,65-69,21500
2018,female,married,70_and_over,10700
2018,female,widowed_divorced,15-19,-
2018,female,widowed_divorced,20-24,200
2018,female,widowed_divorced,25-29,1300
2018,female,widowed_divorced,30-34,3900
2018,female,widowed_divorced,35-39,7700
2018,female,widowed_divorced,40-44,10500
2018,female,widowed_divorced,45-49,15300
2018,female,widowed_divorced,50-54,14900
2018,female,widowed_divorced,55-59,14400
2018,female,widowed_divorced,60-64,13900
2018,female,widowed_divorced,65-69,7400
2018,female,widowed_divorced,70_and_over,8100
2019,male,single,15-19,22100
2019,male,single,20-24,73600
2019,male,single,25-29,96300
2019,male,single,30-34,49600
2019,male,single,35-39,24600
2019,male,single,40-44,18100
2019,male,single,45-49,16700
2019,male,single,50-54,15300
2019,male,single,55-59,11900
2019,male,single,60-64,9600
2019,male,single,65-69,4000
2019,male,single,70_and_over,1600
2019,male,married,15-19,-
2019,male,married,20-24,2100
2019,male,married,25-29,25500
2019,male,married,30-34,74800
2019,male,married,35-39,106200
2019,male,married,40-44,114500
2019,male,married,45-49,126100
2019,male,married,50-54,118500
2019,male,married,55-59,114500
2019,male,married,60-64,88000
2019,male,married,65-69,54700
2019,male,married,70_and_over,33100
2019,male,widowed_divorced,15-19,-
2019,male,widowed_divorced,20-24,200
2019,male,widowed_divorced,25-29,700
2019,male,widowed_divorced,30-34,1900
2019,male,widowed_divorced,35-39,3200
2019,male,widowed_divorced,40-44,4900
2019,male,widowed_divorced,45-49,7400
2019,male,widowed_divorced,50-54,8500
2019,male,widowed_divorced,55-59,8300
2019,male,widowed_divorced,60-64,6000
2019,male,widowed_divorced,65-69,4200
2019,male,widowed_divorced,70_and_over,4400
2019,female,single,15-19,14100
2019,female,single,20-24,70200
2019,female,single,25-29,80500
2019,female,single,30-34,40300
2019,female,single,35-39,26200
2019,female,single,40-44,22600
2019,female,single,45-49,21600
2019,female,single,50-54,17500
2019,female,single,55-59,14000
2019,female,single,60-64,11700
2019,female,single,65-69,7800
2019,female,single,70_and_over,2500
2019,female,married,15-19,-
2019,female,married,20-24,2600
2019,female,married,25-29,34800
2019,female,married,30-34,83500
2019,female,married,35-39,99800
2019,female,married,40-44,99100
2019,female,married,45-49,96700
2019,female,married,50-54,81900
2019,female,married,55-59,73600
2019,female,married,60-64,42800
2019,female,married,65-69,23000
2019,female,married,70_and_over,11700
2019,female,widowed_divorced,15-19,-
2019,female,widowed_divorced,20-24,300
2019,female,widowed_divorced,25-29,1100
2019,female,widowed_divorced,30-34,3700
2019,female,widowed_divorced,35-39,6600
2019,female,widowed_divorced,40-44,10900
2019,female,widowed_divorced,45-49,15500
2019,female,widowed_divorced,50-54,15100
2019,female,widowed_divorced,55-59,14800
2019,female,widowed_divorced,60-64,12000
2019,female,widowed_divorced,65-69,10000
2019,female,widowed_divorced,70_and_over,8800
2020,male,single,15-19,19100
2020,male,single,20-24,66100
2020,male,single,25-29,97200
2020,male,single,30-34,53300
2020,male,single,35-39,29000
2020,male,single,40-44,23200
2020,male,single,45-49,18700
2020,male,single,50-54,16300
2020,male,single,55-59,13100
2020,male,single,60-64,9000
2020,male,single,65-69,3600
2020,male,single,70_and_over,2100
2020,male,married,15-19,-
2020,male,married,20-24,1700
2020,male,married,25-29,23200
2020,male,married,30-34,75400
2020,male,married,35-39,104200
2020,male,married,40-44,112600
2020,male,married,45-49,124400
2020,male,married,50-54,112600
2020,male,married,55-59,112300
2020,male,married,60-64,90800
2020,male,married,65-69,57500
2020,male,married,70_and_over,40400
2020,male,widowed_divorced,15-19,-
2020,male,widowed_divorced,20-24,100
2020,male,widowed_divorced,25-29,600
2020,male,widowed_divorced,30-34,2200
2020,male,widowed_divorced,35-39,4000
2020,male,widowed_divorced,40-44,5400
2020,male,widowed_divorced,45-49,8100
2020,male,widowed_divorced,50-54,9000
2020,male,widowed_divorced,55-59,8800
2020,male,widowed_divorced,60-64,6900
2020,male,widowed_divorced,65-69,4200
2020,male,widowed_divorced,70_and_over,4700
2020,female,single,15-19,11100
2020,female,single,20-24,64700
2020,female,single,25-29,91300
2020,female,single,30-34,44400
2020,female,single,35-39,28000
2020,female,single,40-44,23600
2020,female,single,45-49,21000
2020,female,single,50-54,16900
2020,female,single,55-59,15700
2020,female,single,60-64,12500
2020,female,single,65-69,6900
2020,female,single,70_and_over,3000
2020,female,married,15-19,-
2020,female,married,20-24,3000
2020,female,married,25-29,34200
2020,female,married,30-34,81900
2020,female,married,35-39,100100
2020,female,married,40-44,93400
2020,female,married,45-49,91600
2020,female,married,50-54,79100
2020,female,married,55-59,69300
2020,female,married,60-64,49700
2020,female,married,65-69,26600
2020,female,married,70_and_over,14800
2020,female,widowed_divorced,15-19,-
2020,female,widowed_divorced,20-24,100
2020,female,widowed_divorced,25-29,1000
2020,female,widowed_divorced,30-34,4300
2020,female,widowed_divorced,35-39,7300
2020,female,widowed_divorced,40-44,11000
2020,female,widowed_divorced,45-49,14200
2020,female,widowed_divorced,50-54,14800
2020,female,widowed_divorced,55-59,16000
2020,female,widowed_divorced,60-64,13100
2020,female,widowed_divorced,65-69,10300
2020,female,widowed_divorced,70_and_over,10800
2021,male,single,15-19,16600
2021,male,single,20-24,66700
2021,male,single,25-29,101000
2021,male,single,30-34,67700
2021,male,single,35-39,32700
2021,male,single,40-44,21800
2021,male,single,45-49,17000
2021,male,single,50-54,14400
2021,male,single,55-59,12800
2021,male,single,60-64,10500
2021,male,single,65-69,5100
2021,male,single,70_and_over,2900
2021,male,married,15-19,-
2021,male,married,20-24,1800
2021,male,married,25-29,21400
2021,male,married,30-34,81600
2021,male,married,35-39,110000
2021,male,married,40-44,117400
2021,male,married,45-49,118000
2021,male,married,50-54,96000
2021,male,married,55-59,103500
2021,male,married,60-64,97300
2021,male,married,65-69,64600
2021,male,married,70_and_over,42200
2021,male,widowed_divorced,15-19,-
2021,male,widowed_divorced,20-24,-
2021,male,widowed_divorced,25-29,400
2021,male,widowed_divorced,30-34,1900
2021,male,widowed_divorced,35-39,3700
2021,male,widowed_divorced,40-44,4500
2021,male,widowed_divorced,45-49,7200
2021,male,widowed_divorced,50-54,7700
2021,male,widowed_divorced,55-59,8500
2021,male,widowed_divorced,60-64,7600
2021,male,widowed_divorced,65-69,5700
2021,male,widowed_divorced,70_and_over,5700
2021,female,single,15-19,12100
2021,female,single,20-24,67600
2021,female,single,25-29,87400
2021,female,single,30-34,58100
2021,female,single,35-39,30200
2021,female,single,40-44,28900
2021,female,single,45-49,23800
2021,female,single,50-54,15300
2021,female,single,55-59,15200
2021,female,single,60-64,13700
2021,female,single,65-69,7500
2021,female,single,70_and_over,4000
2021,female,married,15-19,100
2021,female,married,20-24,3000
2021,female,married,25-29,32800
2021,female,married,30-34,92500
2021,female,married,35-39,99300
2021,female,married,40-44,98100
2021,female,married,45-49,86900
2021,female,married,50-54,74900
2021,female,married,55-59,67700
2021,female,married,60-64,56200
2021,female,married,65-69,31700
2021,female,married,70_and_over,15700
2021,female,widowed_divorced,15-19,-
2021,female,widowed_divorced,20-24,-
2021,female,widowed_divorced,25-29,800
2021,female,widowed_divorced,30-34,3900
2021,female,widowed_divorced,35-39,7800
2021,female,widowed_divorced,40-44,9900
2021,female,widowed_divorced,45-49,14000
2021,female,widowed_divorced,50-54,12900
2021,female,widowed_divorced,55-59,14900
2021,female,widowed_divorced,60-64,14200
2021,female,widowed_divorced,65-69,10800
2021,female,widowed_divorced,70_and_over,10600
2022,male,single,15-19,17400
2022,male,single,20-24,60900
2022,male,single,25-29,81100
2022,male,single,30-34,59100
2022,male,single,35-39,32200
2022,male,single,40-44,23200
2022,male,single,45-49,18500
2022,male,single,50-54,14900
2022,male,single,55-59,13400
2022,male,single,60-64,9500
2022,male,single,65-69,5700
2022,male,single,70_and_over,2600
2022,male,married,15-19,100
2022,male,married,20-24,1200
2022,male,married,25-29,19600
2022,male,married,30-34,85600
2022,male,married,35-39,107600
2022,male,married,40-44,121000
2022,male,married,45-49,131100
2022,male,married,50-54,115500
2022,male,married,55-59,116900
2022,male,married,60-64,97500
2022,male,married,65-69,60700
2022,male,married,70_and_over,46500
2022,male,widowed_divorced,15-19,-
2022,male,widowed_divorced,20-24,100
2022,male,widowed_divorced,25-29,300
2022,male,widowed_divorced,30-34,2000
2022,male,widowed_divorced,35-39,3800
2022,male,widowed_divorced,40-44,5500
2022,male,widowed_divorced,45-49,8100
2022,male,widowed_divorced,50-54,8000
2022,male,widowed_divorced,55-59,9600
2022,male,widowed_divorced,60-64,8300
2022,male,widowed_divorced,65-69,6800
2022,male,widowed_divorced,70_and_over,6200
2022,female,single,15-19,11200
2022,female,single,20-24,50900
2022,female,single,25-29,73600
2022,female,single,30-34,47800
2022,female,single,35-39,27700
2022,female,single,40-44,27400
2022,female,single,45-49,25400
2022,female,single,50-54,18800
2022,female,single,55-59,15500
2022,female,single,60-64,13300
2022,female,single,65-69,7300
2022,female,single,70_and_over,4300
2022,female,married,15-19,-
2022,female,married,20-24,2300
2022,female,married,25-29,28500
2022,female,married,30-34,90400
2022,female,married,35-39,103800
2022,female,married,40-44,110500
2022,female,married,45-49,105900
2022,female,married,50-54,82200
2022,female,married,55-59,71200
2022,female,married,60-64,55600
2022,female,married,65-69,31600
2022,female,married,70_and_over,17800
2022,female,widowed_divorced,15-19,-
2022,female,widowed_divorced,20-24,200
2022,female,widowed_divorced,25-29,1100
2022,female,widowed_divorced,30-34,3200
2022,female,widowed_divorced,35-39,8400
2022,female,widowed_divorced,40-44,11700
2022,female,widowed_divorced,45-49,17100
2022,female,widowed_divorced,50-54,16800
2022,female,widowed_divorced,55-59,15900
2022,female,widowed_divorced,60-64,15200
2022,female,widowed_divorced,65-69,11600
2022,female,widowed_divorced,70_and_over,13700
