year,sex,marital_status,age,outside_labour_force
1991,male,single,15-19,86000
1991,male,single,20-24,21500
1991,male,single,25-29,4200
1991,male,single,30-34,1400
1991,male,single,35-39,800
1991,male,single,40-44,800
1991,male,single,45-49,400
1991,male,single,50-54,600
1991,male,single,55-59,800
1991,male,single,60-64,700
1991,male,single,65-69,600
1991,male,single,70_and_over,1000
1991,male,married,15-19,100
1991,male,married,20-24,-
1991,male,married,25-29,100
1991,male,married,30-34,300
1991,male,married,35-39,400
1991,male,married,40-44,800
1991,male,married,45-49,1900
1991,male,married,50-54,4100
1991,male,married,55-59,14000
1991,male,married,60-64,21300
1991,male,married,65-69,16900
1991,male,married,70_and_over,27300
1991,male,widowed_divorced,15-19,-
1991,male,widowed_divorced,20-24,-
1991,male,widowed_divorced,25-29,-
1991,male,widowed_divorced,30-34,100
1991,male,widowed_divorced,35-39,100
1991,male,widowed_divorced,40-44,100
1991,male,widowed_divorced,45-49,100
1991,male,widowed_divorced,50-54,400
1991,male,widowed_divorced,55-59,1000
1991,male,widowed_divorced,60-64,2200
1991,male,widowed_divorced,65-69,2500
1991,male,widowed_divorced,70_and_over,9000
1991,female,single,15-19,81000
1991,female,single,20-24,16200
1991,female,single,25-29,3700
1991,female,single,30-34,2400
1991,female,single,35-39,1600
1991,female,single,40-44,1800
1991,female,single,45-49,1000
1991,female,single,50-54,1000
1991,female,single,55-59,1100
1991,female,single,60-64,1100
1991,female,single,65-69,500
1991,female,single,70_and_over,1500
1991,female,married,15-19,700
1991,female,married,20-24,7100
1991,female,married,25-29,32400
1991,female,married,30-34,54700
1991,female,married,35-39,54800
1991,female,married,40-44,49600
1991,female,married,45-49,35100
1991,female,married,50-54,37700
1991,female,married,55-59,31600
1991,female,married,60-64,23700
1991,female,married,65-69,14400
1991,female,married,70_and_over,14000
1991,female,widowed_divorced,15-19,-
1991,female,widowed_divorced,20-24,-
1991,female,widowed_divorced,25-29,200
1991,female,widowed_divorced,30-34,300
1991,female,widowed_divorced,35-39,700
1991,female,widowed_divorced,40-44,1600
1991,female,widowed_divorced,45-49,2300
1991,female,widowed_divorced,50-54,6400
1991,female,widowed_divorced,55-59,9200
1991,female,widowed_divorced,60-64,13800
1991,female,widowed_divorced,65-69,14300
1991,female,widowed_divorced,70_and_over,41800
1992,male,single,15-19,85200
1992,male,single,20-24,23000
1992,male,single,25-29,3800
1992,male,single,30-34,1500
1992,male,single,35-39,1400
1992,male,single,40-44,1100
1992,male,single,45-49,500
1992,male,single,50-54,800
1992,male,single,55-59,700
1992,male,single,60-64,1000
1992,male,single,65-69,800
1992,male,single,70_and_over,900
1992,male,married,15-19,-
1992,male,married,20-24,-
1992,male,married,25-29,300
1992,male,married,30-34,400
1992,male,married,35-39,500
1992,male,married,40-44,800
1992,male,married,45-49,2300
1992,male,married,50-54,6500
1992,male,married,55-59,14100
1992,male,married,60-64,20100
1992,male,married,65-69,16900
1992,male,married,70_and_over,27000
1992,male,widowed_divorced,15-19,-
1992,male,widowed_divorced,20-24,-
1992,male,widowed_divorced,25-29,-
1992,male,widowed_divorced,30-34,100
1992,male,widowed_divorced,35-39,100
1992,male,widowed_divorced,40-44,100
1992,male,widowed_divorced,45-49,200
1992,male,widowed_divorced,50-54,400
1992,male,widowed_divorced,55-59,1100
1992,male,widowed_divorced,60-64,2400
1992,male,widowed_divorced,65-69,2900
1992,male,widowed_divorced,70_and_over,9600
1992,female,single,15-19,81400
1992,female,single,20-24,19900
1992,female,single,25-29,3700
1992,female,single,30-34,2700
1992,female,single,35-39,2100
1992,female,single,40-44,1900
1992,female,single,45-49,900
1992,female,single,50-54,1300
1992,female,single,55-59,1000
1992,female,single,60-64,1100
1992,female,single,65-69,400
1992,female,single,70_and_over,1700
1992,female,married,15-19,800
1992,female,married,20-24,7900
1992,female,married,25-29,30300
1992,female,married,30-34,50400
1992,female,married,35-39,56600
1992,female,married,40-44,49700
1992,female,married,45-49,37400
1992,female,married,50-54,39100
1992,female,married,55-59,31200
1992,female,married,60-64,24500
1992,female,married,65-69,13700
1992,female,married,70_and_over,14700
1992,female,widowed_divorced,15-19,-
1992,female,widowed_divorced,20-24,100
1992,female,widowed_divorced,25-29,200
1992,female,widowed_divorced,30-34,500
1992,female,widowed_divorced,35-39,700
1992,female,widowed_divorced,40-44,1700
1992,female,widowed_divorced,45-49,2800
1992,female,widowed_divorced,50-54,6400
1992,female,widowed_divorced,55-59,9400
1992,female,widowed_divorced,60-64,15800
1992,female,widowed_divorced,65-69,15500
1992,female,widowed_divorced,70_and_over,41100
1993,male,single,15-19,88500
1993,male,single,20-24,24800
1993,male,single,25-29,4900
1993,male,single,30-34,1600
1993,male,single,35-39,1600
1993,male,single,40-44,1300
1993,male,single,45-49,600
1993,male,single,50-54,600
1993,male,single,55-59,900
1993,male,single,60-64,1000
1993,male,single,65-69,700
1993,male,single,70_and_over,1100
1993,male,married,15-19,-
1993,male,married,20-24,100
1993,male,married,25-29,300
1993,male,married,30-34,500
1993,male,married,35-39,500
1993,male,married,40-44,900
1993,male,married,45-49,2100
1993,male,married,50-54,5900
1993,male,married,55-59,13900
1993,male,married,60-64,21000
1993,male,married,65-69,18800
1993,male,married,70_and_over,30900
1993,male,widowed_divorced,15-19,-
1993,male,widowed_divorced,20-24,-
1993,male,widowed_divorced,25-29,-
1993,male,widowed_divorced,30-34,-
1993,male,widowed_divorced,35-39,100
1993,male,widowed_divorced,40-44,100
1993,male,widowed_divorced,45-49,100
1993,male,widowed_divorced,50-54,500
1993,male,widowed_divorced,55-59,800
1993,male,widowed_divorced,60-64,1400
1993,male,widowed_divorced,65-69,2000
1993,male,widowed_divorced,70_and_over,10000
1993,female,single,15-19,82900
1993,female,single,20-24,22100
1993,female,single,25-29,3700
1993,female,single,30-34,2300
1993,female,single,35-39,1900
1993,female,single,40-44,1400
1993,female,single,45-49,1400
1993,female,single,50-54,800
1993,female,single,55-59,1000
1993,female,single,60-64,1100
1993,female,single,65-69,700
1993,female,single,70_and_over,1500
1993,female,married,15-19,900
1993,female,married,20-24,6500
1993,female,married,25-29,27700
1993,female,married,30-34,51900
1993,female,married,35-39,58200
1993,female,married,40-44,53500
1993,female,married,45-49,39800
1993,female,married,50-54,37400
1993,female,married,55-59,33500
1993,female,married,60-64,27200
1993,female,married,65-69,16100
1993,female,married,70_and_over,15200
1993,female,widowed_divorced,15-19,-
1993,female,widowed_divorced,20-24,100
1993,female,widowed_divorced,25-29,300
1993,female,widowed_divorced,30-34,500
1993,female,widowed_divorced,35-39,700
1993,female,widowed_divorced,40-44,1600
1993,female,widowed_divorced,45-49,2800
1993,female,widowed_divorced,50-54,6600
1993,female,widowed_divorced,55-59,10100
1993,female,widowed_divorced,60-64,14500
1993,female,widowed_divorced,65-69,16500
1993,female,widowed_divorced,70_and_over,41000
1994,male,single,15-19,87000
1994,male,single,20-24,27200
1994,male,single,25-29,4700
1994,male,single,30-34,2000
1994,male,single,35-39,1300
1994,male,single,40-44,900
1994,male,single,45-49,500
1994,male,single,50-54,700
1994,male,single,55-59,800
1994,male,single,60-64,1100
1994,male,single,65-69,700
1994,male,single,70_and_over,1400
1994,male,married,15-19,-
1994,male,married,20-24,-
1994,male,married,25-29,400
1994,male,married,30-34,400
1994,male,married,35-39,400
1994,male,married,40-44,700
1994,male,married,45-49,2100
1994,male,married,50-54,4800
1994,male,married,55-59,12900
1994,male,married,60-64,21500
1994,male,married,65-69,18800
1994,male,married,70_and_over,29300
1994,male,widowed_divorced,15-19,-
1994,male,widowed_divorced,20-24,-
1994,male,widowed_divorced,25-29,-
1994,male,widowed_divorced,30-34,100
1994,male,widowed_divorced,35-39,100
1994,male,widowed_divorced,40-44,100
1994,male,widowed_divorced,45-49,200
1994,male,widowed_divorced,50-54,600
1994,male,widowed_divorced,55-59,1000
1994,male,widowed_divorced,60-64,1800
1994,male,widowed_divorced,65-69,2800
1994,male,widowed_divorced,70_and_over,9300
1994,female,single,15-19,80100
1994,female,single,20-24,22500
1994,female,single,25-29,2700
1994,female,single,30-34,2100
1994,female,single,35-39,1800
1994,female,single,40-44,1900
1994,female,single,45-49,1300
1994,female,single,50-54,1300
1994,female,single,55-59,1000
1994,female,single,60-64,1000
1994,female,single,65-69,1000
1994,female,single,70_and_over,1600
1994,female,married,15-19,400
1994,female,married,20-24,7300
1994,female,married,25-29,27400
1994,female,married,30-34,53100
1994,female,married,35-39,59800
1994,female,married,40-44,53300
1994,female,married,45-49,43100
1994,female,married,50-54,37000
1994,female,married,55-59,33700
1994,female,married,60-64,26000
1994,female,married,65-69,16100
1994,female,married,70_and_over,14600
1994,female,widowed_divorced,15-19,-
1994,female,widowed_divorced,20-24,100
1994,female,widowed_divorced,25-29,200
1994,female,widowed_divorced,30-34,200
1994,female,widowed_divorced,35-39,500
1994,female,widowed_divorced,40-44,1200
1994,female,widowed_divorced,45-49,2400
1994,female,widowed_divorced,50-54,6400
1994,female,widowed_divorced,55-59,10600
1994,female,widowed_divorced,60-64,15000
1994,female,widowed_divorced,65-69,17600
1994,female,widowed_divorced,70_and_over,44900
1996,male,single,15-19,88100
1996,male,single,20-24,28600
1996,male,single,25-29,3700
1996,male,single,30-34,2000
1996,male,single,35-39,1900
1996,male,single,40-44,1100
1996,male,single,45-49,1300
1996,male,single,50-54,800
1996,male,single,55-59,900
1996,male,single,60-64,1500
1996,male,single,65-69,1000
1996,male,single,70_and_over,1200
1996,male,married,15-19,200
1996,male,married,20-24,-
1996,male,married,25-29,300
1996,male,married,30-34,400
1996,male,married,35-39,700
1996,male,married,40-44,1300
1996,male,married,45-49,2400
1996,male,married,50-54,4500
1996,male,married,55-59,12400
1996,male,married,60-64,20700
1996,male,married,65-69,20400
1996,male,married,70_and_over,34400
1996,male,widowed_divorced,15-19,-
1996,male,widowed_divorced,20-24,-
1996,male,widowed_divorced,25-29,-
1996,male,widowed_divorced,30-34,100
1996,male,widowed_divorced,35-39,100
1996,male,widowed_divorced,40-44,100
1996,male,widowed_divorced,45-49,-
1996,male,widowed_divorced,50-54,400
1996,male,widowed_divorced,55-59,1100
1996,male,widowed_divorced,60-64,1900
1996,male,widowed_divorced,65-69,3300
1996,male,widowed_divorced,70_and_over,11400
1996,female,single,15-19,86400
1996,female,single,20-24,22200
1996,female,single,25-29,2000
1996,female,single,30-34,1900
1996,female,single,35-39,2500
1996,female,single,40-44,2100
1996,female,single,45-49,1900
1996,female,single,50-54,1200
1996,female,single,55-59,1500
1996,female,single,60-64,1200
1996,female,single,65-69,1100
1996,female,single,70_and_over,1000
1996,female,married,15-19,700
1996,female,married,20-24,5900
1996,female,married,25-29,24400
1996,female,married,30-34,49000
1996,female,married,35-39,57600
1996,female,married,40-44,57100
1996,female,married,45-49,48000
1996,female,married,50-54,30500
1996,female,married,55-59,34800
1996,female,married,60-64,27000
1996,female,married,65-69,18700
1996,female,married,70_and_over,17500
1996,female,widowed_divorced,15-19,-
1996,female,widowed_divorced,20-24,-
1996,female,widowed_divorced,25-29,200
1996,female,widowed_divorced,30-34,300
1996,female,widowed_divorced,35-39,1000
1996,female,widowed_divorced,40-44,1000
1996,female,widowed_divorced,45-49,2800
1996,female,widowed_divorced,50-54,4400
1996,female,widowed_divorced,55-59,9600
1996,female,widowed_divorced,60-64,13100
1996,female,widowed_divorced,65-69,17900
1996,female,widowed_divorced,70_and_over,50900
1997,male,single,15-19,91700
1997,male,single,20-24,32400
1997,male,single,25-29,5600
1997,male,single,30-34,1800
1997,male,single,35-39,1800
1997,male,single,40-44,1900
1997,male,single,45-49,1300
1997,male,single,50-54,800
1997,male,single,55-59,900
1997,male,single,60-64,1000
1997,male,single,65-69,900
1997,male,single,70_and_over,1200
1997,male,married,15-19,1000
1997,male,married,20-24,400
1997,male,married,25-29,700
1997,male,married,30-34,300
1997,male,married,35-39,500
1997,male,married,40-44,900
1997,male,married,45-49,2200
1997,male,married,50-54,4500
1997,male,married,55-59,13500
1997,male,married,60-64,21900
1997,male,married,65-69,21100
1997,male,married,70_and_over,34500
1997,male,widowed_divorced,15-19,-
1997,male,widowed_divorced,20-24,-
1997,male,widowed_divorced,25-29,-
1997,male,widowed_divorced,30-34,-
1997,male,widowed_divorced,35-39,200
1997,male,widowed_divorced,40-44,100
1997,male,widowed_divorced,45-49,300
1997,male,widowed_divorced,50-54,500
1997,male,widowed_divorced,55-59,1000
1997,male,widowed_divorced,60-64,1700
1997,male,widowed_divorced,65-69,2800
1997,male,widowed_divorced,70_and_over,10700
1997,female,single,15-19,84600
1997,female,single,20-24,25000
1997,female,single,25-29,2700
1997,female,single,30-34,1700
1997,female,single,35-39,1800
1997,female,single,40-44,2000
1997,female,single,45-49,2200
1997,female,single,50-54,1100
1997,female,single,55-59,1700
1997,female,single,60-64,1300
1997,female,single,65-69,1200
1997,female,single,70_and_over,1600
1997,female,married,15-19,1000
1997,female,married,20-24,5900
1997,female,married,25-29,22600
1997,female,married,30-34,47800
1997,female,married,35-39,60300
1997,female,married,40-44,57300
1997,female,married,45-49,49700
1997,female,married,50-54,36800
1997,female,married,55-59,38800
1997,female,married,60-64,28400
1997,female,married,65-69,21000
1997,female,married,70_and_over,21600
1997,female,widowed_divorced,15-19,-
1997,female,widowed_divorced,20-24,100
1997,female,widowed_divorced,25-29,100
1997,female,widowed_divorced,30-34,600
1997,female,widowed_divorced,35-39,700
1997,female,widowed_divorced,40-44,1000
1997,female,widowed_divorced,45-49,2400
1997,female,widowed_divorced,50-54,4100
1997,female,widowed_divorced,55-59,9300
1997,female,widowed_divorced,60-64,12800
1997,female,widowed_divorced,65-69,16800
1997,female,widowed_divorced,70_and_over,48800
1998,male,single,15-19,94300
1998,male,single,20-24,32300
1998,male,single,25-29,6200
1998,male,single,30-34,1800
1998,male,single,35-39,1400
1998,male,single,40-44,1800
1998,male,single,45-49,1500
1998,male,single,50-54,1400
1998,male,single,55-59,1300
1998,male,single,60-64,1200
1998,male,single,65-69,1100
1998,male,single,70_and_over,1700
1998,male,married,15-19,300
1998,male,married,20-24,300
1998,male,married,25-29,500
1998,male,married,30-34,500
1998,male,married,35-39,500
1998,male,married,40-44,900
1998,male,married,45-49,1900
1998,male,married,50-54,5500
1998,male,married,55-59,13400
1998,male,married,60-64,21700
1998,male,married,65-69,23700
1998,male,married,70_and_over,39400
1998,male,widowed_divorced,15-19,-
1998,male,widowed_divorced,20-24,-
1998,male,widowed_divorced,25-29,-
1998,male,widowed_divorced,30-34,-
1998,male,widowed_divorced,35-39,-
1998,male,widowed_divorced,40-44,-
1998,male,widowed_divorced,45-49,100
1998,male,widowed_divorced,50-54,300
1998,male,widowed_divorced,55-59,700
1998,male,widowed_divorced,60-64,2200
1998,male,widowed_divorced,65-69,3100
1998,male,widowed_divorced,70_and_over,11700
1998,female,single,15-19,90400
1998,female,single,20-24,27300
1998,female,single,25-29,3800
1998,female,single,30-34,1500
1998,female,single,35-39,1700
1998,female,single,40-44,1800
1998,female,single,45-49,2800
1998,female,single,50-54,1600
1998,female,single,55-59,1400
1998,female,single,60-64,1400
1998,female,single,65-69,800
1998,female,single,70_and_over,1900
1998,female,married,15-19,600
1998,female,married,20-24,5500
1998,female,married,25-29,22200
1998,female,married,30-34,46300
1998,female,married,35-39,57200
1998,female,married,40-44,58200
1998,female,married,45-49,50200
1998,female,married,50-54,40800
1998,female,married,55-59,35500
1998,female,married,60-64,31200
1998,female,married,65-69,22000
1998,female,married,70_and_over,24300
1998,female,widowed_divorced,15-19,-
1998,female,widowed_divorced,20-24,-
1998,female,widowed_divorced,25-29,100
1998,female,widowed_divorced,30-34,200
1998,female,widowed_divorced,35-39,300
1998,female,widowed_divorced,40-44,1000
1998,female,widowed_divorced,45-49,2700
1998,female,widowed_divorced,50-54,3800
1998,female,widowed_divorced,55-59,9300
1998,female,widowed_divorced,60-64,12800
1998,female,widowed_divorced,65-69,17500
1998,female,widowed_divorced,70_and_over,52400
1999,male,single,15-19,92400
1999,male,single,20-24,30400
1999,male,single,25-29,6600
1999,male,single,30-34,2400
1999,male,single,35-39,2100
1999,male,single,40-44,2200
1999,male,single,45-49,1100
1999,male,single,50-54,1300
1999,male,single,55-59,1200
1999,male,single,60-64,1600
1999,male,single,65-69,800
1999,male,single,70_and_over,1800
1999,male,married,15-19,-
1999,male,married,20-24,-
1999,male,married,25-29,600
1999,male,married,30-34,500
1999,male,married,35-39,700
1999,male,married,40-44,1200
1999,male,married,45-49,2600
1999,male,married,50-54,5500
1999,male,married,55-59,13200
1999,male,married,60-64,22400
1999,male,married,65-69,22200
1999,male,married,70_and_over,39000
1999,male,widowed_divorced,15-19,-
1999,male,widowed_divorced,20-24,-
1999,male,widowed_divorced,25-29,-
1999,male,widowed_divorced,30-34,-
1999,male,widowed_divorced,35-39,100
1999,male,widowed_divorced,40-44,200
1999,male,widowed_divorced,45-49,200
1999,male,widowed_divorced,50-54,500
1999,male,widowed_divorced,55-59,1000
1999,male,widowed_divorced,60-64,2200
1999,male,widowed_divorced,65-69,3700
1999,male,widowed_divorced,70_and_over,13300
1999,female,single,15-19,85600
1999,female,single,20-24,24500
1999,female,single,25-29,3400
1999,female,single,30-34,1600
1999,female,single,35-39,1900
1999,female,single,40-44,2400
1999,female,single,45-49,2300
1999,female,single,50-54,2100
1999,female,single,55-59,1400
1999,female,single,60-64,1900
1999,female,single,65-69,1200
1999,female,single,70_and_over,2200
1999,female,married,15-19,200
1999,female,married,20-24,4300
1999,female,married,25-29,22400
1999,female,married,30-34,44100
1999,female,married,35-39,58900
1999,female,married,40-44,56700
1999,female,married,45-49,46200
1999,female,married,50-54,42400
1999,female,married,55-59,34900
1999,female,married,60-64,30500
1999,female,married,65-69,21500
1999,female,married,70_and_over,19200
1999,female,widowed_divorced,15-19,-
1999,female,widowed_divorced,20-24,-
1999,female,widowed_divorced,25-29,200
1999,female,widowed_divorced,30-34,300
1999,female,widowed_divorced,35-39,600
2004,male,single,35-39,2000
1999,female,widowed_divorced,40-44,1000
1999,female,widowed_divorced,45-49,2500
1999,female,widowed_divorced,50-54,5000
1999,female,widowed_divorced,55-59,8900
1999,female,widowed_divorced,60-64,15400
1999,female,widowed_divorced,65-69,18500
1999,female,widowed_divorced,70_and_over,57300
2001,male,single,15-19,94200
2001,male,single,20-24,31700
2001,male,single,25-29,5700
2001,male,single,30-34,1800
2001,male,single,35-39,1400
2001,male,single,40-44,1600
2001,male,single,45-49,1700
2001,male,single,50-54,1600
2001,male,single,55-59,1100
2001,male,single,60-64,1100
2001,male,single,65-69,1000
2001,male,single,70_and_over,1300
2001,male,married,15-19,100
2001,male,married,20-24,300
2001,male,married,25-29,400
2001,male,married,30-34,500
2001,male,married,35-39,800
2001,male,married,40-44,1200
2001,male,married,45-49,2800
2001,male,married,50-54,8200
2001,male,married,55-59,13100
2001,male,married,60-64,23800
2001,male,married,65-69,23500
2001,male,married,70_and_over,41600
2001,male,widowed_divorced,15-19,-
2001,male,widowed_divorced,20-24,-
2001,male,widowed_divorced,25-29,-
2001,male,widowed_divorced,30-34,-
2001,male,widowed_divorced,35-39,100
2001,male,widowed_divorced,40-44,200
2001,male,widowed_divorced,45-49,200
2001,male,widowed_divorced,50-54,700
2001,male,widowed_divorced,55-59,1000
2001,male,widowed_divorced,60-64,1900
2001,male,widowed_divorced,65-69,2600
2001,male,widowed_divorced,70_and_over,12800
2001,female,single,15-19,88300
2001,female,single,20-24,26400
2001,female,single,25-29,2800
2001,female,single,30-34,2000
2001,female,single,35-39,1700
2001,female,single,40-44,2200
2001,female,single,45-49,2400
2001,female,single,50-54,3100
2001,female,single,55-59,1900
2001,female,single,60-64,2100
2001,female,single,65-69,1000
2001,female,single,70_and_over,3000
2001,female,married,15-19,700
2001,female,married,20-24,4700
2001,female,married,25-29,19500
2001,female,married,30-34,39400
2001,female,married,35-39,57800
2001,female,married,40-44,55800
2001,female,married,45-49,47400
2001,female,married,50-54,45300
2001,female,married,55-59,29500
2001,female,married,60-64,34200
2001,female,married,65-69,22800
2001,female,married,70_and_over,21800
2001,female,widowed_divorced,15-19,-
2001,female,widowed_divorced,20-24,-
2001,female,widowed_divorced,25-29,200
2001,female,widowed_divorced,30-34,400
2001,female,widowed_divorced,35-39,900
2001,female,widowed_divorced,40-44,1100
2001,female,widowed_divorced,45-49,2100
2001,female,widowed_divorced,50-54,5000
2001,female,widowed_divorced,55-59,7200
2001,female,widowed_divorced,60-64,15200
2001,female,widowed_divorced,65-69,18000
2001,female,widowed_divorced,70_and_over,63900
2002,male,single,15-19,95000
2002,male,single,20-24,34100
2002,male,single,25-29,6000
2002,male,single,30-34,1500
2002,male,single,35-39,2200
2002,male,single,40-44,2300
2002,male,single,45-49,1800
2002,male,single,50-54,2500
2002,male,single,55-59,1800
2002,male,single,60-64,1500
2002,male,single,65-69,1700
2002,male,single,70_and_over,2200
2002,male,married,15-19,100
2002,male,married,20-24,-
2002,male,married,25-29,500
2002,male,married,30-34,700
2002,male,married,35-39,500
2002,male,married,40-44,1200
2002,male,married,45-49,2600
2002,male,married,50-54,6500
2002,male,married,55-59,12600
2002,male,married,60-64,24700
2002,male,married,65-69,25900
2002,male,married,70_and_over,45400
2002,male,widowed_divorced,15-19,-
2002,male,widowed_divorced,20-24,-
2002,male,widowed_divorced,25-29,-
2002,male,widowed_divorced,30-34,100
2002,male,widowed_divorced,35-39,100
2002,male,widowed_divorced,40-44,200
2002,male,widowed_divorced,45-49,100
2002,male,widowed_divorced,50-54,500
2002,male,widowed_divorced,55-59,800
2002,male,widowed_divorced,60-64,2100
2002,male,widowed_divorced,65-69,3100
2002,male,widowed_divorced,70_and_over,13400
2002,female,single,15-19,90900
2002,female,single,20-24,32500
2002,female,single,25-29,3000
2002,female,single,30-34,1700
2002,female,single,35-39,1800
2002,female,single,40-44,2100
2002,female,single,45-49,2300
2002,female,single,50-54,3100
2002,female,single,55-59,2400
2002,female,single,60-64,1700
2002,female,single,65-69,1700
2002,female,single,70_and_over,2700
2002,female,married,15-19,300
2002,female,married,20-24,4400
2002,female,married,25-29,19300
2002,female,married,30-34,40000
2002,female,married,35-39,58000
2002,female,married,40-44,55700
2002,female,married,45-49,51700
2002,female,married,50-54,47200
2002,female,married,55-59,36700
2002,female,married,60-64,38200
2002,female,married,65-69,25600
2002,female,married,70_and_over,23900
2002,female,widowed_divorced,15-19,-
2002,female,widowed_divorced,20-24,-
2002,female,widowed_divorced,25-29,-
2002,female,widowed_divorced,30-34,200
2002,female,widowed_divorced,35-39,800
2002,female,widowed_divorced,40-44,1100
2002,female,widowed_divorced,45-49,2800
2002,female,widowed_divorced,50-54,4900
2002,female,widowed_divorced,55-59,7700
2002,female,widowed_divorced,60-64,14200
2002,female,widowed_divorced,65-69,17000
2002,female,widowed_divorced,70_and_over,64400
2003,male,single,15-19,102300
2003,male,single,20-24,32700
2003,male,single,25-29,6300
2003,male,single,30-34,1600
2003,male,single,35-39,2100
2003,male,single,40-44,2900
2003,male,single,45-49,2800
2003,male,single,50-54,2000
2003,male,single,55-59,1900
2003,male,single,60-64,1500
2003,male,single,65-69,1800
2003,male,single,70_and_over,2400
2003,male,married,15-19,200
2003,male,married,20-24,300
2003,male,married,25-29,500
2003,male,married,30-34,300
2003,male,married,35-39,700
2003,male,married,40-44,1500
2003,male,married,45-49,2700
2003,male,married,50-54,7400
2003,male,married,55-59,15400
2003,male,married,60-64,27600
2003,male,married,65-69,28400
2003,male,married,70_and_over,49200
2003,male,widowed_divorced,15-19,-
2003,male,widowed_divorced,20-24,-
2003,male,widowed_divorced,25-29,-
2003,male,widowed_divorced,30-34,-
2003,male,widowed_divorced,35-39,-
2003,male,widowed_divorced,40-44,-
2003,male,widowed_divorced,45-49,500
2003,male,widowed_divorced,50-54,500
2003,male,widowed_divorced,55-59,900
2003,male,widowed_divorced,60-64,2600
2003,male,widowed_divorced,65-69,2900
2003,male,widowed_divorced,70_and_over,14800
2003,female,single,15-19,94800
2003,female,single,20-24,29600
2003,female,single,25-29,3400
2003,female,single,30-34,1600
2003,female,single,35-39,1700
2003,female,single,40-44,2400
2003,female,single,45-49,2800
2003,female,single,50-54,3500
2003,female,single,55-59,3100
2003,female,single,60-64,2300
2003,female,single,65-69,2600
2003,female,single,70_and_over,2600
2003,female,married,15-19,400
2003,female,married,20-24,4100
2003,female,married,25-29,16600
2003,female,married,30-34,37300
2003,female,married,35-39,51400
2003,female,married,40-44,54800
2003,female,married,45-49,55300
2003,female,married,50-54,48000
2003,female,married,55-59,42500
2003,female,married,60-64,37700
2003,female,married,65-69,28500
2003,female,married,70_and_over,27200
2003,female,widowed_divorced,15-19,-
2003,female,widowed_divorced,20-24,100
2003,female,widowed_divorced,25-29,300
2003,female,widowed_divorced,30-34,100
2003,female,widowed_divorced,35-39,800
2003,female,widowed_divorced,40-44,1100
2003,female,widowed_divorced,45-49,1900
2003,female,widowed_divorced,50-54,4100
2003,female,widowed_divorced,55-59,8700
2003,female,widowed_divorced,60-64,15400
2003,female,widowed_divorced,65-69,19700
2003,female,widowed_divorced,70_and_over,68600
2004,male,single,15-19,106100
2004,male,single,20-24,34000
2004,male,single,25-29,8400
2004,male,single,30-34,1900
2004,male,single,40-44,2700
2004,male,single,45-49,2300
2004,male,single,50-54,2000
2004,male,single,55-59,2100
2004,male,single,60-64,2000
2004,male,single,65-69,1700
2004,male,single,70_and_over,2800
2004,male,married,15-19,100
2004,male,married,20-24,200
2004,male,married,25-29,400
2004,male,married,30-34,700
2004,male,married,35-39,1200
2004,male,married,40-44,1500
2004,male,married,45-49,2700
2004,male,married,50-54,6200
2004,male,married,55-59,17600
2004,male,married,60-64,26000
2004,male,married,65-69,30400
2004,male,married,70_and_over,50500
2004,male,widowed_divorced,15-19,-
2004,male,widowed_divorced,20-24,-
2004,male,widowed_divorced,25-29,-
2004,male,widowed_divorced,30-34,100
2004,male,widowed_divorced,35-39,100
2004,male,widowed_divorced,40-44,200
2004,male,widowed_divorced,45-49,300
2004,male,widowed_divorced,50-54,500
2004,male,widowed_divorced,55-59,1000
2004,male,widowed_divorced,60-64,1900
2004,male,widowed_divorced,65-69,3100
2004,male,widowed_divorced,70_and_over,13200
2004,female,single,15-19,100800
2004,female,single,20-24,31900
2004,female,single,25-29,3200
2004,female,single,30-34,2700
2004,female,single,35-39,1600
2004,female,single,40-44,2400
2004,female,single,45-49,2200
2004,female,single,50-54,2700
2004,female,single,55-59,3400
2004,female,single,60-64,2400
2004,female,single,65-69,2000
2004,female,single,70_and_over,3000
2004,female,married,15-19,200
2004,female,married,20-24,3900
2004,female,married,25-29,16700
2004,female,married,30-34,35200
2004,female,married,35-39,47200
2004,female,married,40-44,53900
2004,female,married,45-49,52300
2004,female,married,50-54,51000
2004,female,married,55-59,45700
2004,female,married,60-64,36900
2004,female,married,65-69,29000
2004,female,married,70_and_over,28400
2004,female,widowed_divorced,15-19,-
2004,female,widowed_divorced,20-24,100
2004,female,widowed_divorced,25-29,200
2004,female,widowed_divorced,30-34,100
2004,female,widowed_divorced,35-39,500
2004,female,widowed_divorced,40-44,1500
2004,female,widowed_divorced,45-49,3100
2004,female,widowed_divorced,50-54,4300
2004,female,widowed_divorced,55-59,8000
2004,female,widowed_divorced,60-64,13900
2004,female,widowed_divorced,65-69,20100
2004,female,widowed_divorced,70_and_over,70200
2006,male,single,15-19,119400
2006,male,single,20-24,32000
2006,male,single,25-29,6400
2006,male,single,30-34,1900
2006,male,single,35-39,1600
2006,male,single,40-44,2700
2006,male,single,45-49,2800
2006,male,single,50-54,2800
2006,male,single,55-59,2800
2006,male,single,60-64,1600
2006,male,single,65-69,2200
2006,male,single,70_and_over,2300
2006,male,married,15-19,100
2006,male,married,20-24,100
2006,male,married,25-29,300
2006,male,married,30-34,600
2006,male,married,35-39,900
2006,male,married,40-44,1000
2006,male,married,45-49,2500
2006,male,married,50-54,6200
2006,male,married,55-59,16800
2006,male,married,60-64,21000
2006,male,married,65-69,30900
2006,male,married,70_and_over,58200
2006,male,widowed_divorced,15-19,-
2006,male,widowed_divorced,20-24,-
2006,male,widowed_divorced,25-29,-
2006,male,widowed_divorced,30-34,-
2006,male,widowed_divorced,35-39,100
2006,male,widowed_divorced,40-44,100
2006,male,widowed_divorced,45-49,400
2006,male,widowed_divorced,50-54,500
2006,male,widowed_divorced,55-59,900
2006,male,widowed_divorced,60-64,1300
2006,male,widowed_divorced,65-69,3100
2006,male,widowed_divorced,70_and_over,14400
2006,female,single,15-19,107200
2006,female,single,20-24,26400
2006,female,single,25-29,4000
2006,female,single,30-34,1700
2006,female,single,35-39,1800
2006,female,single,40-44,1700
2006,female,single,45-49,2700
2006,female,single,50-54,2800
2006,female,single,55-59,3500
2006,female,single,60-64,3300
2006,female,single,65-69,2300
2006,female,single,70_and_over,3600
2006,female,married,15-19,100
2006,female,married,20-24,4700
2006,female,married,25-29,15600
2006,female,married,30-34,31600
2006,female,married,35-39,43500
2006,female,married,40-44,50000
2006,female,married,45-49,50100
2006,female,married,50-54,47600
2006,female,married,55-59,48900
2006,female,married,60-64,34700
2006,female,married,65-69,33400
2006,female,married,70_and_over,34900
2006,female,widowed_divorced,15-19,-
2006,female,widowed_divorced,20-24,-
2006,female,widowed_divorced,25-29,100
2006,female,widowed_divorced,30-34,500
2006,female,widowed_divorced,35-39,400
2006,female,widowed_divorced,40-44,900
2006,female,widowed_divorced,45-49,1600
2006,female,widowed_divorced,50-54,4000
2006,female,widowed_divorced,55-59,8800
2006,female,widowed_divorced,60-64,11500
2006,female,widowed_divorced,65-69,17200
2006,female,widowed_divorced,70_and_over,72800
2007,male,single,15-19,120000
2007,male,single,20-24,35100
2007,male,single,25-29,6500
2007,male,single,30-34,1600
2007,male,single,35-39,1700
2007,male,single,40-44,2400
2007,male,single,45-49,2600
2007,male,single,50-54,2300
2007,male,single,55-59,2100
2007,male,single,60-64,1400
2007,male,single,65-69,2600
2007,male,single,70_and_over,2300
2007,male,married,15-19,100
2007,male,married,20-24,200
2007,male,married,25-29,600
2007,male,married,30-34,600
2007,male,married,35-39,900
2007,male,married,40-44,1900
2007,male,married,45-49,2700
2007,male,married,50-54,5400
2007,male,married,55-59,14700
2007,male,married,60-64,20600
2007,male,married,65-69,28200
2007,male,married,70_and_over,55900
2007,male,widowed_divorced,15-19,-
2007,male,widowed_divorced,20-24,-
2007,male,widowed_divorced,25-29,-
2007,male,widowed_divorced,30-34,-
2007,male,widowed_divorced,35-39,100
2007,male,widowed_divorced,40-44,-
2007,male,widowed_divorced,45-49,100
2007,male,widowed_divorced,50-54,600
2007,male,widowed_divorced,55-59,1100
2007,male,widowed_divorced,60-64,1800
2007,male,widowed_divorced,65-69,3300
2007,male,widowed_divorced,70_and_over,15000
2007,female,single,15-19,112200
2007,female,single,20-24,31100
2007,female,single,25-29,3200
2007,female,single,30-34,1800
2007,female,single,35-39,2000
2007,female,single,40-44,1800
2007,female,single,45-49,2900
2007,female,single,50-54,2800
2007,female,single,55-59,3900
2007,female,single,60-64,3200
2007,female,single,65-69,2500
2007,female,single,70_and_over,3200
2007,female,married,15-19,300
2007,female,married,20-24,4100
2007,female,married,25-29,12600
2007,female,married,30-34,29400
2007,female,married,35-39,40200
2007,female,married,40-44,46000
2007,female,married,45-49,51200
2007,female,married,50-54,48100
2007,female,married,55-59,47500
2007,female,married,60-64,37200
2007,female,married,65-69,31400
2007,female,married,70_and_over,36200
2007,female,widowed_divorced,15-19,-
2007,female,widowed_divorced,20-24,100
2007,female,widowed_divorced,25-29,200
2007,female,widowed_divorced,30-34,200
2007,female,widowed_divorced,35-39,400
2007,female,widowed_divorced,40-44,900
2007,female,widowed_divorced,45-49,1600
2007,female,widowed_divorced,50-54,4600
2007,female,widowed_divorced,55-59,7900
2007,female,widowed_divorced,60-64,11600
2007,female,widowed_divorced,65-69,17500
2007,female,widowed_divorced,70_and_over,74600
2008,male,single,15-19,119100
2008,male,single,20-24,38800
2008,male,single,25-29,7100
2008,male,single,30-34,1600
2008,male,single,35-39,2200
2008,male,single,40-44,2400
2008,male,single,45-49,2200
2008,male,single,50-54,2900
2008,male,single,55-59,2900
2008,male,single,60-64,2900
2008,male,single,65-69,1700
2008,male,single,70_and_over,3000
2008,male,married,15-19,200
2008,male,married,20-24,100
2008,male,married,25-29,400
2008,male,married,30-34,700
2008,male,married,35-39,1100
2008,male,married,40-44,1400
2008,male,married,45-49,2900
2008,male,married,50-54,6400
2008,male,married,55-59,13900
2008,male,married,60-64,23400
2008,male,married,65-69,28200
2008,male,married,70_and_over,57800
2008,male,widowed_divorced,15-19,-
2008,male,widowed_divorced,20-24,-
2008,male,widowed_divorced,25-29,-
2008,male,widowed_divorced,30-34,-
2008,male,widowed_divorced,35-39,-
2008,male,widowed_divorced,40-44,100
2008,male,widowed_divorced,45-49,400
2008,male,widowed_divorced,50-54,800
2008,male,widowed_divorced,55-59,700
2008,male,widowed_divorced,60-64,1700
2008,male,widowed_divorced,65-69,2700
2008,male,widowed_divorced,70_and_over,14400
2008,female,single,15-19,112900
2008,female,single,20-24,32300
2008,female,single,25-29,3600
2008,female,single,30-34,1700
2008,female,single,35-39,1700
2008,female,single,40-44,1900
2008,female,single,45-49,2400
2008,female,single,50-54,3700
2008,female,single,55-59,3200
2008,female,single,60-64,3000
2008,female,single,65-69,2000
2008,female,single,70_and_over,3200
2008,female,married,15-19,400
2008,female,married,20-24,2800
2008,female,married,25-29,15300
2008,female,married,30-34,26800
2008,female,married,35-39,38500
2008,female,married,40-44,45400
2008,female,married,45-49,43800
2008,female,married,50-54,47600
2008,female,married,55-59,47200
2008,female,married,60-64,38800
2008,female,married,65-69,32100
2008,female,married,70_and_over,36500
2008,female,widowed_divorced,15-19,-
2008,female,widowed_divorced,20-24,-
2008,female,widowed_divorced,25-29,200
2008,female,widowed_divorced,30-34,300
2008,female,widowed_divorced,35-39,800
2008,female,widowed_divorced,40-44,1200
2008,female,widowed_divorced,45-49,2600
2008,female,widowed_divorced,50-54,3900
2008,female,widowed_divorced,55-59,8200
2008,female,widowed_divorced,60-64,12200
2008,female,widowed_divorced,65-69,18200
2008,female,widowed_divorced,70_and_over,71900
2009,male,single,15-19,120200
2009,male,single,20-24,42100
2009,male,single,25-29,7600
2009,male,single,30-34,2500
2009,male,single,35-39,2000
2009,male,single,40-44,1700
2009,male,single,45-49,3000
2009,male,single,50-54,3200
2009,male,single,55-59,3000
2009,male,single,60-64,2000
2009,male,single,65-69,1900
2009,male,single,70_and_over,2500
2009,male,married,15-19,-
2009,male,married,20-24,100
2009,male,married,25-29,400
2009,male,married,30-34,500
2009,male,married,35-39,1000
2009,male,married,40-44,1600
2009,male,married,45-49,2400
2009,male,married,50-54,5500
2009,male,married,55-59,11300
2009,male,married,60-64,22800
2009,male,married,65-69,27000
2009,male,married,70_and_over,62900
2009,male,widowed_divorced,15-19,-
2009,male,widowed_divorced,20-24,-
2009,male,widowed_divorced,25-29,-
2009,male,widowed_divorced,30-34,-
2009,male,widowed_divorced,35-39,100
2009,male,widowed_divorced,40-44,200
2009,male,widowed_divorced,45-49,400
2009,male,widowed_divorced,50-54,900
2009,male,widowed_divorced,55-59,1300
2009,male,widowed_divorced,60-64,2100
2009,male,widowed_divorced,65-69,3100
2009,male,widowed_divorced,70_and_over,15700
2009,female,single,15-19,118200
2009,female,single,20-24,38900
2009,female,single,25-29,3900
2009,female,single,30-34,1700
2009,female,single,35-39,2000
2009,female,single,40-44,1800
2009,female,single,45-49,2700
2009,female,single,50-54,2800
2009,female,single,55-59,3100
2009,female,single,60-64,4000
2009,female,single,65-69,2200
2009,female,single,70_and_over,3800
2009,female,married,15-19,200
2009,female,married,20-24,2700
2009,female,married,25-29,14500
2009,female,married,30-34,28000
2009,female,married,35-39,38700
2009,female,married,40-44,42700
2009,female,married,45-49,46800
2009,female,married,50-54,48400
2009,female,married,55-59,47000
2009,female,married,60-64,46800
2009,female,married,65-69,33500
2009,female,married,70_and_over,43600
2009,female,widowed_divorced,15-19,-
2009,female,widowed_divorced,20-24,100
2009,female,widowed_divorced,25-29,100
2009,female,widowed_divorced,30-34,300
2009,female,widowed_divorced,35-39,600
2009,female,widowed_divorced,40-44,900
2009,female,widowed_divorced,45-49,2000
2009,female,widowed_divorced,50-54,4400
2009,female,widowed_divorced,55-59,8100
2009,female,widowed_divorced,60-64,12200
2009,female,widowed_divorced,65-69,16300
2009,female,widowed_divorced,70_and_over,75200
2010,male,single,15-19,113800
2010,male,single,20-24,41900
2010,male,single,25-29,7600
2010,male,single,30-34,2600
2010,male,single,35-39,1600
2010,male,single,40-44,2200
2010,male,single,45-49,2900
2010,male,single,50-54,3600
2010,male,single,55-59,3400
2010,male,single,60-64,3300
2010,male,single,65-69,1600
2010,male,single,70_and_over,3200
2010,male,married,15-19,-
2010,male,married,20-24,300
2010,male,married,25-29,500
2010,male,married,30-34,400
2010,male,married,35-39,1300
2010,male,married,40-44,2200
2010,male,married,45-49,2900
2010,male,married,50-54,6600
2010,male,married,55-59,14500
2010,male,married,60-64,25000
2010,male,married,65-69,27100
2010,male,married,70_and_over,61000
2010,male,widowed_divorced,15-19,-
2010,male,widowed_divorced,20-24,100
2010,male,widowed_divorced,25-29,-
2010,male,widowed_divorced,30-34,-
2010,male,widowed_divorced,35-39,100
2010,male,widowed_divorced,40-44,400
2010,male,widowed_divorced,45-49,400
2010,male,widowed_divorced,50-54,700
2010,male,widowed_divorced,55-59,1700
2010,male,widowed_divorced,60-64,2300
2010,male,widowed_divorced,65-69,2700
2010,male,widowed_divorced,70_and_over,15700
2010,female,single,15-19,112800
2010,female,single,20-24,36300
2010,female,single,25-29,4100
2010,female,single,30-34,1800
2010,female,single,35-39,1400
2010,female,single,40-44,2200
2010,female,single,45-49,2700
2010,female,single,50-54,3700
2010,female,single,55-59,3700
2010,female,single,60-64,3700
2010,female,single,65-69,2300
2010,female,single,70_and_over,3400
2010,female,married,15-19,200
2010,female,married,20-24,3400
2010,female,married,25-29,14000
2010,female,married,30-34,26200
2010,female,married,35-39,39000
2010,female,married,40-44,39400
2010,female,married,45-49,46100
2010,female,married,50-54,46200
2010,female,married,55-59,50800
2010,female,married,60-64,45700
2010,female,married,65-69,30400
2010,female,married,70_and_over,42500
2010,female,widowed_divorced,15-19,-
2010,female,widowed_divorced,20-24,100
2010,female,widowed_divorced,25-29,200
2010,female,widowed_divorced,30-34,300
2010,female,widowed_divorced,35-39,700
2010,female,widowed_divorced,40-44,800
2010,female,widowed_divorced,45-49,2000
2010,female,widowed_divorced,50-54,3400
2010,female,widowed_divorced,55-59,8600
2010,female,widowed_divorced,60-64,14800
2010,female,widowed_divorced,65-69,16100
2010,female,widowed_divorced,70_and_over,81500
2011,male,single,15-19,124000
2011,male,single,20-24,48200
2011,male,single,25-29,9300
2011,male,single,30-34,3000
2011,male,single,35-39,1700
2011,male,single,40-44,2200
2011,male,single,45-49,3000
2011,male,single,50-54,3300
2011,male,single,55-59,3600
2011,male,single,60-64,3000
2011,male,single,65-69,1700
2011,male,single,70_and_over,3600
2011,male,married,15-19,-
2011,male,married,20-24,100
2011,male,married,25-29,300
2011,male,married,30-34,400
2011,male,married,35-39,1500
2011,male,married,40-44,1800
2011,male,married,45-49,3200
2011,male,married,50-54,5900
2011,male,married,55-59,14100
2011,male,married,60-64,25300
2011,male,married,65-69,26400
2011,male,married,70_and_over,65100
2011,male,widowed_divorced,15-19,-
2011,male,widowed_divorced,20-24,-
2011,male,widowed_divorced,25-29,-
2011,male,widowed_divorced,30-34,100
2011,male,widowed_divorced,35-39,100
2011,male,widowed_divorced,40-44,200
2011,male,widowed_divorced,45-49,200
2011,male,widowed_divorced,50-54,900
2011,male,widowed_divorced,55-59,1200
2011,male,widowed_divorced,60-64,1900
2011,male,widowed_divorced,65-69,2700
2011,male,widowed_divorced,70_and_over,15700
2011,female,single,15-19,118500
2011,female,single,20-24,44900
2011,female,single,25-29,4500
2011,female,single,30-34,1700
2011,female,single,35-39,2100
2011,female,single,40-44,2500
2011,female,single,45-49,2400
2011,female,single,50-54,3800
2011,female,single,55-59,3600
2011,female,single,60-64,4300
2011,female,single,65-69,2500
2011,female,single,70_and_over,4600
2011,female,married,15-19,100
2011,female,married,20-24,2500
2011,female,married,25-29,11600
2011,female,married,30-34,26500
2011,female,married,35-39,33100
2011,female,married,40-44,38100
2011,female,married,45-49,41200
2011,female,married,50-54,45600
2011,female,married,55-59,49700
2011,female,married,60-64,47500
2011,female,married,65-69,31200
2011,female,married,70_and_over,46500
2011,female,widowed_divorced,15-19,-
2011,female,widowed_divorced,20-24,100
2011,female,widowed_divorced,25-29,200
2011,female,widowed_divorced,30-34,300
2011,female,widowed_divorced,35-39,600
2011,female,widowed_divorced,40-44,900
2011,female,widowed_divorced,45-49,2500
2011,female,widowed_divorced,50-54,3300
2011,female,widowed_divorced,55-59,7300
2011,female,widowed_divorced,60-64,12900
2011,female,widowed_divorced,65-69,14900
2011,female,widowed_divorced,70_and_over,82600
2012,male,single,15-19,121700
2012,male,single,20-24,49600
2012,male,single,25-29,10800
2012,male,single,30-34,2300
2012,male,single,35-39,1300
2012,male,single,40-44,1900
2012,male,single,45-49,2600
2012,male,single,50-54,3000
2012,male,single,55-59,3200
2012,male,single,60-64,3700
2012,male,single,65-69,1800
2012,male,single,70_and_over,3400
2012,male,married,15-19,-
2012,male,married,20-24,100
2012,male,married,25-29,900
2012,male,married,30-34,1200
2012,male,married,35-39,1100
2012,male,married,40-44,2000
2012,male,married,45-49,3900
2012,male,married,50-54,5900
2012,male,married,55-59,11800
2012,male,married,60-64,22300
2012,male,married,65-69,26700
2012,male,married,70_and_over,67800
2012,male,widowed_divorced,15-19,-
2012,male,widowed_divorced,20-24,-
2012,male,widowed_divorced,25-29,-
2012,male,widowed_divorced,30-34,100
2012,male,widowed_divorced,35-39,200
2012,male,widowed_divorced,40-44,400
2012,male,widowed_divorced,45-49,400
2012,male,widowed_divorced,50-54,600
2012,male,widowed_divorced,55-59,700
2012,male,widowed_divorced,60-64,2000
2012,male,widowed_divorced,65-69,2100
2012,male,widowed_divorced,70_and_over,16800
2012,female,single,15-19,118100
2012,female,single,20-24,45300
2012,female,single,25-29,5100
2012,female,single,30-34,1800
2012,female,single,35-39,1800
2012,female,single,40-44,1700
2012,female,single,45-49,2500
2012,female,single,50-54,3700
2012,female,single,55-59,3900
2012,female,single,60-64,4900
2012,female,single,65-69,3600
2012,female,single,70_and_over,5500
2012,female,married,15-19,200
2012,female,married,20-24,2900
2012,female,married,25-29,10500
2012,female,married,30-34,22100
2012,female,married,35-39,31200
2012,female,married,40-44,38300
2012,female,married,45-49,38900
2012,female,married,50-54,47500
2012,female,married,55-59,48400
2012,female,married,60-64,45900
2012,female,married,65-69,35600
2012,female,married,70_and_over,50600
2012,female,widowed_divorced,15-19,-
2012,female,widowed_divorced,20-24,100
2012,female,widowed_divorced,25-29,100
2012,female,widowed_divorced,30-34,400
2012,female,widowed_divorced,35-39,600
2012,female,widowed_divorced,40-44,1100
2012,female,widowed_divorced,45-49,1600
2012,female,widowed_divorced,50-54,3400
2012,female,widowed_divorced,55-59,7100
2014,female,single,25-29,5900
2012,female,widowed_divorced,60-64,13300
2012,female,widowed_divorced,65-69,14400
2012,female,widowed_divorced,70_and_over,78900
2013,male,single,15-19,120400
2013,male,single,20-24,48900
2013,male,single,25-29,11900
2013,male,single,30-34,2700
2013,male,single,35-39,1700
2013,male,single,40-44,2600
2013,male,single,45-49,2600
2013,male,single,50-54,2700
2013,male,single,55-59,3600
2013,male,single,60-64,3000
2013,male,single,65-69,2500
2013,male,single,70_and_over,3800
2013,male,married,15-19,-
2013,male,married,20-24,100
2013,male,married,25-29,700
2013,male,married,30-34,700
2013,male,married,35-39,1600
2013,male,married,40-44,1700
2013,male,married,45-49,3000
2013,male,married,50-54,6300
2013,male,married,55-59,12700
2013,male,married,60-64,23800
2013,male,married,65-69,28800
2013,male,married,70_and_over,70000
2013,male,widowed_divorced,15-19,-
2013,male,widowed_divorced,20-24,-
2013,male,widowed_divorced,25-29,-
2013,male,widowed_divorced,30-34,100
2013,male,widowed_divorced,35-39,200
2013,male,widowed_divorced,40-44,100
2013,male,widowed_divorced,45-49,400
2013,male,widowed_divorced,50-54,400
2013,male,widowed_divorced,55-59,1000
2013,male,widowed_divorced,60-64,2000
2013,male,widowed_divorced,65-69,3100
2013,male,widowed_divorced,70_and_over,14400
2013,female,single,15-19,114000
2013,female,single,20-24,46100
2013,female,single,25-29,5600
2013,female,single,30-34,2300
2013,female,single,35-39,1500
2013,female,single,40-44,2300
2013,female,single,45-49,2600
2013,female,single,50-54,4100
2013,female,single,55-59,3800
2013,female,single,60-64,4500
2013,female,single,65-69,3900
2013,female,single,70_and_over,5700
2013,female,married,15-19,200
2013,female,married,20-24,2400
2013,female,married,25-29,9000
2013,female,married,30-34,21200
2013,female,married,35-39,30100
2013,female,married,40-44,36900
2013,female,married,45-49,38500
2013,female,married,50-54,46700
2013,female,married,55-59,47100
2013,female,married,60-64,46300
2013,female,married,65-69,37500
2013,female,married,70_and_over,53700
2013,female,widowed_divorced,15-19,-
2013,female,widowed_divorced,20-24,100
2013,female,widowed_divorced,25-29,-
2013,female,widowed_divorced,30-34,400
2013,female,widowed_divorced,35-39,500
2013,female,widowed_divorced,40-44,900
2013,female,widowed_divorced,45-49,1700
2013,female,widowed_divorced,50-54,3500
2013,female,widowed_divorced,55-59,6900
2013,female,widowed_divorced,60-64,12900
2013,female,widowed_divorced,65-69,15300
2013,female,widowed_divorced,70_and_over,80800
2014,male,single,15-19,111100
2014,male,single,20-24,48400
2014,male,single,25-29,12500
2014,male,single,30-34,2400
2014,male,single,35-39,2000
2014,male,single,40-44,2400
2014,male,single,45-49,1700
2014,male,single,50-54,3200
2014,male,single,55-59,4800
2014,male,single,60-64,3300
2014,male,single,65-69,3000
2014,male,single,70_and_over,4000
2014,male,married,15-19,-
2014,male,married,20-24,100
2014,male,married,25-29,400
2014,male,married,30-34,800
2014,male,married,35-39,1700
2014,male,married,40-44,1900
2014,male,married,45-49,2900
2014,male,married,50-54,5800
2014,male,married,55-59,12300
2014,male,married,60-64,22300
2014,male,married,65-69,33100
2014,male,married,70_and_over,75900
2014,male,widowed_divorced,15-19,-
2014,male,widowed_divorced,20-24,-
2014,male,widowed_divorced,25-29,-
2014,male,widowed_divorced,30-34,100
2014,male,widowed_divorced,35-39,100
2014,male,widowed_divorced,40-44,300
2014,male,widowed_divorced,45-49,600
2014,male,widowed_divorced,50-54,600
2014,male,widowed_divorced,55-59,1200
2014,male,widowed_divorced,60-64,2500
2014,male,widowed_divorced,65-69,3200
2014,male,widowed_divorced,70_and_over,16400
2014,female,single,15-19,108700
2014,female,single,20-24,49600
2014,female,single,30-34,2300
2014,female,single,35-39,1600
2014,female,single,40-44,2100
2014,female,single,45-49,3200
2014,female,single,50-54,3000
2014,female,single,55-59,4500
2014,female,single,60-64,5300
2014,female,single,65-69,5400
2014,female,single,70_and_over,7100
2014,female,married,15-19,200
2014,female,married,20-24,1500
2014,female,married,25-29,8100
2014,female,married,30-34,22200
2014,female,married,35-39,26500
2014,female,married,40-44,31900
2014,female,married,45-49,35500
2014,female,married,50-54,41400
2014,female,married,55-59,48100
2014,female,married,60-64,50200
2014,female,married,65-69,44100
2014,female,married,70_and_over,58900
2014,female,widowed_divorced,15-19,-
2014,female,widowed_divorced,20-24,100
2014,female,widowed_divorced,25-29,-
2014,female,widowed_divorced,30-34,300
2014,female,widowed_divorced,35-39,400
2014,female,widowed_divorced,40-44,800
2014,female,widowed_divorced,45-49,1900
2014,female,widowed_divorced,50-54,3800
2014,female,widowed_divorced,55-59,5200
2014,female,widowed_divorced,60-64,11800
2014,female,widowed_divorced,65-69,16900
2014,female,widowed_divorced,70_and_over,84800
2015,male,single,15-19,107700
2015,male,single,20-24,46700
2015,male,single,25-29,10000
2015,male,single,30-34,2600
2015,male,single,35-39,1800
2015,male,single,40-44,1700
2015,male,single,45-49,1900
2015,male,single,50-54,2800
2015,male,single,55-59,4200
2015,male,single,60-64,3600
2015,male,single,65-69,3000
2015,male,single,70_and_over,3500
2015,male,married,15-19,-
2015,male,married,20-24,100
2015,male,married,25-29,700
2015,male,married,30-34,700
2015,male,married,35-39,1600
2015,male,married,40-44,2400
2015,male,married,45-49,2500
2015,male,married,50-54,5700
2015,male,married,55-59,12300
2015,male,married,60-64,22500
2015,male,married,65-69,34000
2015,male,married,70_and_over,72300
2015,male,widowed_divorced,15-19,-
2015,male,widowed_divorced,20-24,-
2015,male,widowed_divorced,25-29,100
2015,male,widowed_divorced,30-34,-
2015,male,widowed_divorced,35-39,-
2015,male,widowed_divorced,40-44,300
2015,male,widowed_divorced,45-49,200
2015,male,widowed_divorced,50-54,800
2015,male,widowed_divorced,55-59,1000
2015,male,widowed_divorced,60-64,2000
2015,male,widowed_divorced,65-69,3100
2015,male,widowed_divorced,70_and_over,17300
2015,female,single,15-19,106000
2015,female,single,20-24,40000
2015,female,single,25-29,5000
2015,female,single,30-34,2400
2015,female,single,35-39,1800
2015,female,single,40-44,1700
2015,female,single,45-49,2500
2015,female,single,50-54,3500
2015,female,single,55-59,3000
2015,female,single,60-64,5200
2015,female,single,65-69,4600
2015,female,single,70_and_over,6500
2015,female,married,15-19,100
2015,female,married,20-24,1400
2015,female,married,25-29,7600
2015,female,married,30-34,20500
2015,female,married,35-39,26900
2015,female,married,40-44,32300
2015,female,married,45-49,34200
2015,female,married,50-54,40700
2015,female,married,55-59,45700
2015,female,married,60-64,48700
2015,female,married,65-69,45800
2015,female,married,70_and_over,49600
2015,female,widowed_divorced,15-19,-
2015,female,widowed_divorced,20-24,-
2015,female,widowed_divorced,25-29,200
2015,female,widowed_divorced,30-34,300
2015,female,widowed_divorced,35-39,500
2015,female,widowed_divorced,40-44,700
2015,female,widowed_divorced,45-49,1300
2015,female,widowed_divorced,50-54,2900
2015,female,widowed_divorced,55-59,6200
2015,female,widowed_divorced,60-64,11300
2015,female,widowed_divorced,65-69,16700
2015,female,widowed_divorced,70_and_over,89900
2016,male,single,15-19,104600
2016,male,single,20-24,50200
2016,male,single,25-29,12800
2016,male,single,30-34,3200
2016,male,single,35-39,1900
2016,male,single,40-44,2200
2016,male,single,45-49,2400
2016,male,single,50-54,3800
2016,male,single,55-59,4200
2016,male,single,60-64,4300
2016,male,single,65-69,3300
2016,male,single,70_and_over,4000
2016,male,married,15-19,-
2016,male,married,20-24,300
2016,male,married,25-29,400
2016,male,married,30-34,600
2016,male,married,35-39,1100
2016,male,married,40-44,1600
2016,male,married,45-49,2800
2016,male,married,50-54,6700
2016,male,married,55-59,11200
2016,male,married,60-64,22700
2016,male,married,65-69,37200
2016,male,married,70_and_over,76200
2016,male,widowed_divorced,15-19,-
2016,male,widowed_divorced,20-24,-
2016,male,widowed_divorced,25-29,-
2016,male,widowed_divorced,30-34,-
2016,male,widowed_divorced,35-39,100
2016,male,widowed_divorced,40-44,200
2016,male,widowed_divorced,45-49,200
2016,male,widowed_divorced,50-54,700
2016,male,widowed_divorced,55-59,1300
2016,male,widowed_divorced,60-64,3200
2016,male,widowed_divorced,65-69,3300
2016,male,widowed_divorced,70_and_over,16300
2016,female,single,15-19,105600
2016,female,single,20-24,46100
2016,female,single,25-29,5300
2016,female,single,30-34,1700
2016,female,single,35-39,1800
2016,female,single,40-44,1800
2016,female,single,45-49,2100
2016,female,single,50-54,3900
2016,female,single,55-59,2900
2016,female,single,60-64,4900
2016,female,single,65-69,7100
2016,female,single,70_and_over,6000
2016,female,married,15-19,200
2016,female,married,20-24,1600
2016,female,married,25-29,7000
2016,female,married,30-34,19000
2016,female,married,35-39,24600
2016,female,married,40-44,29000
2016,female,married,45-49,32300
2016,female,married,50-54,41100
2016,female,married,55-59,46200
2016,female,married,60-64,50900
2016,female,married,65-69,47600
2016,female,married,70_and_over,58500
2016,female,widowed_divorced,15-19,-
2016,female,widowed_divorced,20-24,-
2016,female,widowed_divorced,25-29,200
2016,female,widowed_divorced,30-34,300
2016,female,widowed_divorced,35-39,200
2016,female,widowed_divorced,40-44,900
2016,female,widowed_divorced,45-49,1300
2016,female,widowed_divorced,50-54,3500
2016,female,widowed_divorced,55-59,6800
2016,female,widowed_divorced,60-64,11500
2016,female,widowed_divorced,65-69,17100
2016,female,widowed_divorced,70_and_over,88900
2017,male,single,15-19,104700
2017,male,single,20-24,48200
2017,male,single,25-29,11400
2017,male,single,30-34,2400
2017,male,single,35-39,1600
2017,male,single,40-44,2100
2017,male,single,45-49,2600
2017,male,single,50-54,2800
2017,male,single,55-59,4400
2017,male,single,60-64,4600
2017,male,single,65-69,3600
2017,male,single,70_and_over,4500
2017,male,married,15-19,-
2017,male,married,20-24,200
2017,male,married,25-29,300
2017,male,married,30-34,900
2017,male,married,35-39,1600
2017,male,married,40-44,2200
2017,male,married,45-49,2300
2017,male,married,50-54,5300
2017,male,married,55-59,11500
2017,male,married,60-64,21700
2017,male,married,65-69,37700
2017,male,married,70_and_over,86100
2017,male,widowed_divorced,15-19,-
2017,male,widowed_divorced,20-24,-
2017,male,widowed_divorced,25-29,100
2017,male,widowed_divorced,30-34,-
2017,male,widowed_divorced,35-39,200
2017,male,widowed_divorced,40-44,200
2017,male,widowed_divorced,45-49,300
2017,male,widowed_divorced,50-54,500
2017,male,widowed_divorced,55-59,1200
2017,male,widowed_divorced,60-64,2200
2017,male,widowed_divorced,65-69,4500
2017,male,widowed_divorced,70_and_over,19400
2017,female,single,15-19,106000
2017,female,single,20-24,42700
2017,female,single,25-29,6100
2017,female,single,30-34,2300
2017,female,single,35-39,900
2017,female,single,40-44,2100
2017,female,single,45-49,2800
2017,female,single,50-54,3200
2017,female,single,55-59,4200
2017,female,single,60-64,5000
2017,female,single,65-69,7100
2017,female,single,70_and_over,7400
2017,female,married,15-19,100
2017,female,married,20-24,2200
2017,female,married,25-29,7000
2017,female,married,30-34,15900
2017,female,married,35-39,26400
2017,female,married,40-44,32000
2017,female,married,45-49,31700
2017,female,married,50-54,37900
2017,female,married,55-59,44000
2017,female,married,60-64,50200
2017,female,married,65-69,48600
2017,female,married,70_and_over,68100
2017,female,widowed_divorced,15-19,-
2017,female,widowed_divorced,20-24,-
2017,female,widowed_divorced,25-29,100
2017,female,widowed_divorced,30-34,200
2017,female,widowed_divorced,35-39,400
2017,female,widowed_divorced,40-44,800
2017,female,widowed_divorced,45-49,1700
2017,female,widowed_divorced,50-54,3200
2017,female,widowed_divorced,55-59,6100
2017,female,widowed_divorced,60-64,11600
2017,female,widowed_divorced,65-69,18500
2017,female,widowed_divorced,70_and_over,95400
2018,male,single,15-19,106000
2018,male,single,20-24,50700
2018,male,single,25-29,11900
2018,male,single,30-34,2200
2018,male,single,35-39,2400
2018,male,single,40-44,2100
2018,male,single,45-49,2900
2018,male,single,50-54,3800
2018,male,single,55-59,4000
2018,male,single,60-64,4600
2018,male,single,65-69,3900
2018,male,single,70_and_over,5000
2018,male,married,15-19,-
2018,male,married,20-24,200
2018,male,married,25-29,300
2018,male,married,30-34,600
2018,male,married,35-39,1400
2018,male,married,40-44,1900
2018,male,married,45-49,3600
2018,male,married,50-54,6800
2018,male,married,55-59,12600
2018,male,married,60-64,24100
2018,male,married,65-69,35500
2018,male,married,70_and_over,86100
2018,male,widowed_divorced,15-19,-
2018,male,widowed_divorced,20-24,-
2018,male,widowed_divorced,25-29,-
2018,male,widowed_divorced,30-34,100
2018,male,widowed_divorced,35-39,100
2018,male,widowed_divorced,40-44,200
2018,male,widowed_divorced,45-49,400
2018,male,widowed_divorced,50-54,800
2018,male,widowed_divorced,55-59,1400
2018,male,widowed_divorced,60-64,3700
2018,male,widowed_divorced,65-69,4200
2018,male,widowed_divorced,70_and_over,17200
2018,female,single,15-19,105100
2018,female,single,20-24,42900
2018,female,single,25-29,6300
2018,female,single,30-34,2600
2018,female,single,35-39,1900
2018,female,single,40-44,1800
2018,female,single,45-49,1900
2018,female,single,50-54,3400
2018,female,single,55-59,5500
2018,female,single,60-64,6200
2018,female,single,65-69,6700
2018,female,single,70_and_over,8800
2018,female,married,15-19,100
2018,female,married,20-24,1600
2018,female,married,25-29,7800
2018,female,married,30-34,18100
2018,female,married,35-39,27200
2018,female,married,40-44,28400
2018,female,married,45-49,31600
2018,female,married,50-54,38800
2018,female,married,55-59,45800
2018,female,married,60-64,53500
2018,female,married,65-69,47000
2018,female,married,70_and_over,70100
2018,female,widowed_divorced,15-19,-
2018,female,widowed_divorced,20-24,100
2018,female,widowed_divorced,25-29,-
2018,female,widowed_divorced,30-34,400
2018,female,widowed_divorced,35-39,400
2018,female,widowed_divorced,40-44,500
2018,female,widowed_divorced,45-49,1900
2018,female,widowed_divorced,50-54,3300
2018,female,widowed_divorced,55-59,5200
2018,female,widowed_divorced,60-64,11800
2018,female,widowed_divorced,65-69,15700
2018,female,widowed_divorced,70_and_over,90800
2019,male,single,15-19,104000
2019,male,single,20-24,51900
2019,male,single,25-29,13300
2019,male,single,30-34,3800
2019,male,single,35-39,1900
2019,male,single,40-44,1600
2019,male,single,45-49,2800
2019,male,single,50-54,3100
2019,male,single,55-59,5500
2019,male,single,60-64,5200
2019,male,single,65-69,4400
2019,male,single,70_and_over,5200
2019,male,married,15-19,-
2019,male,married,20-24,200
2019,male,married,25-29,300
2019,male,married,30-34,400
2019,male,married,35-39,1200
2019,male,married,40-44,1900
2019,male,married,45-49,3100
2019,male,married,50-54,5500
2019,male,married,55-59,12800
2019,male,married,60-64,23300
2019,male,married,65-69,38000
2019,male,married,70_and_over,90000
2019,male,widowed_divorced,15-19,-
2019,male,widowed_divorced,20-24,-
2019,male,widowed_divorced,25-29,-
2019,male,widowed_divorced,30-34,100
2019,male,widowed_divorced,35-39,-
2019,male,widowed_divorced,40-44,200
2019,male,widowed_divorced,45-49,400
2019,male,widowed_divorced,50-54,600
2019,male,widowed_divorced,55-59,1300
2019,male,widowed_divorced,60-64,3100
2019,male,widowed_divorced,65-69,4000
2019,male,widowed_divorced,70_and_over,19700
2019,female,single,15-19,99500
2019,female,single,20-24,41300
2019,female,single,25-29,5900
2019,female,single,30-34,2100
2019,female,single,35-39,1800
2019,female,single,40-44,1500
2019,female,single,45-49,2400
2019,female,single,50-54,3100
2019,female,single,55-59,4600
2019,female,single,60-64,5500
2019,female,single,65-69,6300
2019,female,single,70_and_over,9600
2019,female,married,15-19,100
2019,female,married,20-24,1800
2019,female,married,25-29,6900
2019,female,married,30-34,14500
2019,female,married,35-39,25500
2019,female,married,40-44,28600
2019,female,married,45-49,28800
2019,female,married,50-54,39700
2019,female,married,55-59,48200
2019,female,married,60-64,48800
2019,female,married,65-69,51800
2019,female,married,70_and_over,76700
2019,female,widowed_divorced,15-19,-
2019,female,widowed_divorced,20-24,100
2019,female,widowed_divorced,25-29,100
2019,female,widowed_divorced,30-34,300
2019,female,widowed_divorced,35-39,600
2019,female,widowed_divorced,40-44,600
2019,female,widowed_divorced,45-49,1600
2019,female,widowed_divorced,50-54,3200
2019,female,widowed_divorced,55-59,6600
2019,female,widowed_divorced,60-64,10100
2019,female,widowed_divorced,65-69,16700
2019,female,widowed_divorced,70_and_over,90500
2020,male,single,15-19,94600
2020,male,single,20-24,55600
2020,male,single,25-29,13500
2020,male,single,30-34,3200
2020,male,single,35-39,1900
2020,male,single,40-44,1500
2020,male,single,45-49,2300
2020,male,single,50-54,3600
2020,male,single,55-59,5500
2020,male,single,60-64,4900
2020,male,single,65-69,5100
2020,male,single,70_and_over,6400
2020,male,married,15-19,-
2020,male,married,20-24,300
2020,male,married,25-29,500
2020,male,married,30-34,1000
2020,male,married,35-39,2000
2020,male,married,40-44,2000
2020,male,married,45-49,3400
2020,male,married,50-54,5900
2020,male,married,55-59,13000
2020,male,married,60-64,22600
2020,male,married,65-69,34800
2020,male,married,70_and_over,96600
2020,male,widowed_divorced,15-19,-
2020,male,widowed_divorced,20-24,-
2020,male,widowed_divorced,25-29,-
2020,male,widowed_divorced,30-34,100
2020,male,widowed_divorced,35-39,100
2020,male,widowed_divorced,40-44,300
2020,male,widowed_divorced,45-49,400
2020,male,widowed_divorced,50-54,500
2020,male,widowed_divorced,55-59,1400
2020,male,widowed_divorced,60-64,2800
2020,male,widowed_divorced,65-69,4000
2020,male,widowed_divorced,70_and_over,21500
2020,female,single,15-19,93200
2020,female,single,20-24,49000
2020,female,single,25-29,6600
2020,female,single,30-34,2400
2020,female,single,35-39,2700
2020,female,single,40-44,1500
2020,female,single,45-49,3200
2020,female,single,50-54,4000
2020,female,single,55-59,6000
2020,female,single,60-64,6700
2020,female,single,65-69,6100
2020,female,single,70_and_over,10700
2020,female,married,15-19,-
2020,female,married,20-24,1500
2020,female,married,25-29,5600
2020,female,married,30-34,14700
2020,female,married,35-39,22100
2020,female,married,40-44,27100
2020,female,married,45-49,29200
2020,female,married,50-54,36400
2020,female,married,55-59,43500
2020,female,married,60-64,49500
2020,female,married,65-69,50500
2020,female,married,70_and_over,77000
2020,female,widowed_divorced,15-19,-
2020,female,widowed_divorced,20-24,100
2020,female,widowed_divorced,25-29,200
2020,female,widowed_divorced,30-34,300
2020,female,widowed_divorced,35-39,300
2020,female,widowed_divorced,40-44,700
2020,female,widowed_divorced,45-49,1600
2020,female,widowed_divorced,50-54,3500
2020,female,widowed_divorced,55-59,5300
2020,female,widowed_divorced,60-64,11600
2020,female,widowed_divorced,65-69,14500
2020,female,widowed_divorced,70_and_over,102300
2021,male,single,15-19,77800
2021,male,single,20-24,47400
2021,male,single,25-29,12700
2021,male,single,30-34,3600
2021,male,single,35-39,2400
2021,male,single,40-44,2000
2021,male,single,45-49,2200
2021,male,single,50-54,1900
2021,male,single,55-59,4000
2021,male,single,60-64,5500
2021,male,single,65-69,5600
2021,male,single,70_and_over,7000
2021,male,married,15-19,-
2021,male,married,20-24,100
2021,male,married,25-29,600
2021,male,married,30-34,1100
2021,male,married,35-39,1300
2021,male,married,40-44,2100
2021,male,married,45-49,2800
2021,male,married,50-54,4600
2021,male,married,55-59,9400
2021,male,married,60-64,22700
2021,male,married,65-69,37800
2021,male,married,70_and_over,95500
2021,male,widowed_divorced,15-19,-
2021,male,widowed_divorced,20-24,-
2021,male,widowed_divorced,25-29,100
2021,male,widowed_divorced,30-34,100
2021,male,widowed_divorced,35-39,200
2021,male,widowed_divorced,40-44,200
2021,male,widowed_divorced,45-49,500
2021,male,widowed_divorced,50-54,800
2021,male,widowed_divorced,55-59,1300
2021,male,widowed_divorced,60-64,2000
2021,male,widowed_divorced,65-69,4500
2021,male,widowed_divorced,70_and_over,17900
2021,female,single,15-19,76600
2021,female,single,20-24,34200
2021,female,single,25-29,6800
2021,female,single,30-34,2600
2021,female,single,35-39,1800
2021,female,single,40-44,1200
2021,female,single,45-49,2100
2021,female,single,50-54,2200
2021,female,single,55-59,3900
2021,female,single,60-64,6200
2021,female,single,65-69,7400
2021,female,single,70_and_over,13500
2021,female,married,15-19,-
2021,female,married,20-24,2000
2021,female,married,25-29,5500
2021,female,married,30-34,13900
2021,female,married,35-39,20900
2021,female,married,40-44,23200
2021,female,married,45-49,26600
2021,female,married,50-54,28200
2021,female,married,55-59,40200
2021,female,married,60-64,56000
2021,female,married,65-69,53000
2021,female,married,70_and_over,82700
2021,female,widowed_divorced,15-19,-
2021,female,widowed_divorced,20-24,-
2021,female,widowed_divorced,25-29,400
2021,female,widowed_divorced,30-34,500
2021,female,widowed_divorced,35-39,700
2021,female,widowed_divorced,40-44,400
2021,female,widowed_divorced,45-49,1400
2021,female,widowed_divorced,50-54,1800
2021,female,widowed_divorced,55-59,4900
2021,female,widowed_divorced,60-64,10600
2021,female,widowed_divorced,65-69,12900
2021,female,widowed_divorced,70_and_over,82600
2022,male,single,15-19,72600
2022,male,single,20-24,46100
2022,male,single,25-29,13600
2022,male,single,30-34,2700
2022,male,single,35-39,1800
2022,male,single,40-44,2000
2022,male,single,45-49,3100
2022,male,single,50-54,2500
2022,male,single,55-59,4800
2022,male,single,60-64,5500
2022,male,single,65-69,5400
2022,male,single,70_and_over,6800
2022,male,married,15-19,-
2022,male,married,20-24,-
2022,male,married,25-29,700
2022,male,married,30-34,900
2022,male,married,35-39,1100
2022,male,married,40-44,1800
2022,male,married,45-49,2800
2022,male,married,50-54,5900
2022,male,married,55-59,11100
2022,male,married,60-64,21900
2022,male,married,65-69,39600
2022,male,married,70_and_over,105800
2022,male,widowed_divorced,15-19,-
2022,male,widowed_divorced,20-24,-
2022,male,widowed_divorced,25-29,100
2022,male,widowed_divorced,30-34,100
2022,male,widowed_divorced,35-39,-
2022,male,widowed_divorced,40-44,200
2022,male,widowed_divorced,45-49,500
2022,male,widowed_divorced,50-54,800
2022,male,widowed_divorced,55-59,2100
2022,male,widowed_divorced,60-64,2800
2022,male,widowed_divorced,65-69,4200
2022,male,widowed_divorced,70_and_over,19100
2022,female,single,15-19,79300
2022,female,single,20-24,39400
2022,female,single,25-29,5000
2022,female,single,30-34,2100
2022,female,single,35-39,1500
2022,female,single,40-44,1600
2022,female,single,45-49,2500
2022,female,single,50-54,3400
2022,female,single,55-59,4600
2022,female,single,60-64,6900
2022,female,single,65-69,9200
2022,female,single,70_and_over,13700
2022,female,married,15-19,100
2022,female,married,20-24,700
2022,female,married,25-29,4800
2022,female,married,30-34,13200
2022,female,married,35-39,20500
2022,female,married,40-44,27600
2022,female,married,45-49,27100
2022,female,married,50-54,32400
2022,female,married,55-59,40200
2022,female,married,60-64,50900
2022,female,married,65-69,52600
2022,female,married,70_and_over,87000
2022,female,widowed_divorced,15-19,-
2022,female,widowed_divorced,20-24,-
2022,female,widowed_divorced,25-29,200
2022,female,widowed_divorced,30-34,400
2022,female,widowed_divorced,35-39,800
2022,female,widowed_divorced,40-44,800
2022,female,widowed_divorced,45-49,1500
2022,female,widowed_divorced,50-54,3000
2022,female,widowed_divorced,55-59,5600
2022,female,widowed_divorced,60-64,8000
2022,female,widowed_divorced,65-69,15800
2022,female,widowed_divorced,70_and_over,95200
